,Reactant SMILES,Reactant SMILES_2,Product SMILES,Product SMILES_2,Catalyst SMILES,Ligand SMILES,Solvent SMILES,Solvent SMILES_2,Additive SMILES,Additive SMILES_2,Additive SMILES_s2,Ref.(DOI),LED step 2,Number of Coordination Atoms 1,pdf name (don't include '.pdf'),L/M 1,S/C 1,Reaction Temperature/C step 2,Reaction Temperature/C,Ligand Name 2,Yield 3,dr 3,Central Metal of Catalyst 2,dr 1,Ligand 2 Type,Product Name 3,Additive 2 step 2,exo/endo,Ammount of additive 1,Product 1 R or S,ee 3,Ammount of additive 2,(Pre)Catalyst Name 2,"Molecular Sieve(3A, 4A, 5A)",Yield 1,Solvent 1 ammount(mL),Charge of Ligand 1,Charge of Ligand 2,Ammount of additive 1 step 2,Central Metal of Catalyst 1,Ligand 1 Type,Pre catalyst 2(True or False),Ammount of reactant 1(mmol),Ammount of Molecular Sieve(mg),LED,Pre catalyst 1(True or False),dr 2,Reaction ID,Yield 2,Valence of Central Metal 1,"Other information(use ""-"" to split, eg. 'property1-property2')",Product 2 R or S,Solvent 2 ammount(mL),Type of Coordination Atoms 1,L/M 2,Ammount of additive 2 step 2,Pressure/atm,Number of Coordination Atoms 2,Valence of Central Metal 2,Type of Coordination Atoms 2,Reaction Time/h step 2,ee 1,S/C 2,Reaction Time/h,ee 2,Reaction Type,Product 3 R or S,Solvent Ratio,Ammount of reactant 2(mmol)
0,OC1=CC=CC=C1C([H])=O,C1(C2)C=CC2CC1,OC1=CC=CC=C1C([C@@]2([H])C[C@@H]3CC[C@H]2C3)=O,[H][C@@]1(C(C2=CC=CC=C2O)=O)C[C@@H]3CC[C@H]1C3,C=C.C=C.C=C.C=C.[Rh+].[Rh+].[Cl-].[Cl-],P(C1=CC=CC=C1)(C2=CC=CC=C2)C3=CC=CC=C3,ClCCCl,,,,,10.1002_adsc.200600583,,2.0,10.1002_adsc.200600583,6.0,5,,80,,,,,,,,,98:2,,S,,,,,0.4,2,0.0,,,Rh,,,0.3,,,True,,1,,1.0,,R,,"P,P",,,,,,,,,,62.0,,3,,,1.8
1,OC1=CC=CC=C1C([H])=O,C1(C2)C=CC2CC1,OC1=CC=CC=C1C([C@@]2([H])C[C@@H]3CC[C@H]2C3)=O,[H][C@@]1(C(C2=CC=CC=C2O)=O)C[C@@H]3CC[C@H]1C3,C=C.C=C.C=C.C=C.[Rh+].[Rh+].[Cl-].[Cl-],[C@@H]1([Fe]C2C(P(C3=CC=CC=C3)C4=CC=CC=C4)=CC=C2)C=CC=C1P(C5=CC=CC=C5)C6=CC=CC=C6,ClCCCl,,,,,10.1002_adsc.200600583,,2.0,10.1002_adsc.200600583,2.0,10,,80,,,,,,,,,,,S,,,,,,2,0.0,,,Rh,,,0.3,,,True,,2,,1.0,,R,,"P,P",,,,,,,,,,115.0,,3,,,1.8
2,OC1=CC=CC=C1C([H])=O,C1(C2)C=CC2CC1,OC1=CC=CC=C1C([C@@]2([H])C[C@@H]3CC[C@H]2C3)=O,[H][C@@]1(C(C2=CC=CC=C2O)=O)C[C@@H]3CC[C@H]1C3,C=C.C=C.C=C.C=C.[Rh+].[Rh+].[Cl-].[Cl-],[C@@H]1([Fe]C2C(P(C3=CC=CC=C3)C4=CC=CC=C4)=CC=C2)C=CC=C1P(C5=CC=CC=C5)C6=CC=CC=C6,ClCCCl,,O=Cl(=O)([O-])=O.[Ag+],,,10.1002_adsc.200600583,,2.0,10.1002_adsc.200600583,2.0,5,,80,,,,,,,,,95:5,0.06,S,,,,,,2,0.0,,,Rh,,,0.3,,,True,,3,,1.0,,R,,"P,P",,,,,,,,,,115.0,,3,,,1.8
3,OC1=CC=CC=C1C([H])=O,C1(C2)C=CC2CC1,OC1=CC=CC=C1C([C@@]2([H])C[C@@H]3CC[C@H]2C3)=O,[H][C@@]1(C(C2=CC=CC=C2O)=O)C[C@@H]3CC[C@H]1C3,C=C.C=C.C=C.C=C.[Rh+].[Rh+].[Cl-].[Cl-],C12=CC=CC=C1C=CC(P(C3=CC=CC=C3)C4=CC=CC=C4)=[C@]2[C@]5=C(C=CC=C6)C6=CC=C5P(C7=CC=CC=C7)C8=CC=CC=C8.C9%10=C(C=CC=C%10)C=CC(P(C%11=CC=CC=C%11)C%12=CC=CC=C%12)=[C@]9[C@]%13=C(P(C%14=CC=CC=C%14)C%15=CC=CC=C%15)C=CC%16=C%13C=CC=C%16,ClCCCl,,O=Cl(=O)([O-])=O.[Ag+],,,10.1002_adsc.200600583,,2.0,10.1002_adsc.200600583,2.0,5,,80,,,,,,,,,,0.06,S,,,,,,2,0.0,,,Rh,,,0.3,,,True,,4,,1.0,,R,,"P,P",,,,,,,,,,37.0,,3,,,1.8
4,OC1=CC=CC=C1C([H])=O,C1(C2)C=CC2CC1,OC1=CC=CC=C1C([C@@]2([H])C[C@@H]3CC[C@H]2C3)=O,[H][C@@]1(C(C2=CC=CC=C2O)=O)C[C@@H]3CC[C@H]1C3,FB(F)F.C12C=CC(C2)C=C1.C34C=CC(C4)C=C3.[F-].[Rh+],P(C1=CC=CC=C1)(C2=CC=CC=C2)C3=CC=CC=C3,ClCCCl,,,,,10.1002_adsc.200600583,,2.0,10.1002_adsc.200600583,3.0,5,,80,,,,,,,,,97:3,,S,,,,,0.95,2,0.0,,,Rh,,,0.3,,,True,,5,,1.0,,R,,"P,P",,,,,,,,,,115.0,,3,,,1.8
5,OC1=CC=CC=C1C([H])=O,C1(C2)C=CC2CC1,OC1=CC=CC=C1C([C@@]2([H])C[C@@H]3CC[C@H]2C3)=O,[H][C@@]1(C(C2=CC=CC=C2O)=O)C[C@@H]3CC[C@H]1C3,FB(F)F.C12C=CC(C2)C=C1.C34C=CC(C4)C=C3.[F-].[Rh+],[C@@H]1([Fe]C2C(P(C3=CC=CC=C3)C4=CC=CC=C4)=CC=C2)C=CC=C1P(C5=CC=CC=C5)C6=CC=CC=C6,ClCCCl,,,,,10.1002_adsc.200600583,,2.0,10.1002_adsc.200600583,1.0,5,,80,,,,,,,,,95:5,,S,,,,,,2,0.0,,,Rh,,,0.3,,,True,,6,,1.0,,R,,"P,P",,,,,,,,,,115.0,,3,,,1.8
6,OC1=CC=CC=C1C([H])=O,C1(C2)C=CC2CC1,OC1=CC=CC=C1C([C@@]2([H])C[C@@H]3CC[C@H]2C3)=O,[H][C@@]1(C(C2=CC=CC=C2O)=O)C[C@@H]3CC[C@H]1C3,CC(CC(C)=O)=O.C=C.C=C.[Rh],[C@@H]1([Fe]C2C(P(C3=CC=CC=C3)C4=CC=CC=C4)=CC=C2)C=CC=C1P(C5=CC=CC=C5)C6=CC=CC=C6,ClCCCl,,,,,10.1002_adsc.200600583,,2.0,10.1002_adsc.200600583,1.0,5,,80,,,,,,,,,99:1,,S,,,,,0.57,2,0.0,,,Rh,,,0.3,,,True,,7,,0.0,,R,,"P,P",,,,,,,,,,115.0,,3,,,1.8
7,OC1=CC=CC=C1C([H])=O,C1(C2)C=CC2CC1,OC1=CC=CC=C1C([C@@]2([H])C[C@@H]3CC[C@H]2C3)=O,[H][C@@]1(C(C2=CC=CC=C2O)=O)C[C@@H]3CC[C@H]1C3,CC(CC(C)=O)=O.C=C.C=C.[Rh],COC1=C(C2=CC=CC=C2P(C3CCCCC3)C4CCCCC4)C(OC)=CC=C1,ClCCCl,,[O-]P([O-])([O-])=O.[K+].[K+].[K+].[K+].[K+].[K+],,,10.1002_adsc.200600583,,2.0,10.1002_adsc.200600583,3.0,5,,80,,,,,,,,,95:5,0.06,S,,,,,0.34,2,0.0,,,Rh,,,0.3,,,True,,8,,0.0,,R,,"P,P",,,,,,,,,,62.0,,3,,,1.8
8,OC1=CC=CC=C1C([H])=O,C1(C2)C=CC2C=C1,OC(C=CC=C1)=C1C([C@@]2([H])C[C@H]3C[C@@H]2C=C3)=O,[H][C@@]1(C(C2=C(O)C=CC=C2)=O)C[C@H]3C[C@@H]1C=C3,FB(F)F.C12C=CC(C2)C=C1.C34C=CC(C4)C=C3.[F-].[Rh+],[C@@H]1([Fe]C2C(P(C3=CC=CC=C3)C4=CC=CC=C4)=CC=C2)C=CC=C1P(C5=CC=CC=C5)C6=CC=CC=C6,ClCCCl,,[O-]P([O-])([O-])=O.[K+].[K+].[K+].[K+].[K+].[K+],,,10.1002_adsc.200600583,,2.0,10.1002_adsc.200600583,1.0,5,,80,,,,,,,,,77:23,0.06,S,,,,,0.65,2,0.0,,,Rh,,,0.3,,,True,,9,,1.0,,R,,"P,P",,,,,,,,,,70.0,,3,,,1.8
9,OC1=CC=CC=C1C([H])=O,C1(C2)C=CC2C=C1,OC(C=CC=C1)=C1C([C@@]2([H])C[C@H]3C[C@@H]2C=C3)=O,[H][C@@]1(C(C2=C(O)C=CC=C2)=O)C[C@H]3C[C@@H]1C=C3,CC(CC(C)=O)=O.C=C.C=C.[Rh],[C@@H]1([Fe]C2C(P(C3=CC=CC=C3)C4=CC=CC=C4)=CC=C2)C=CC=C1P(C5=CC=CC=C5)C6=CC=CC=C6,ClCCCl,,,,,10.1002_adsc.200600583,,2.0,10.1002_adsc.200600583,1.0,5,,80,,,,,,,,,70:30,,S,,,,,0.97,2,0.0,,,Rh,,,0.3,,,True,,10,,0.0,,R,,"P,P",,,,,,,,,,47.0,,3,,,1.8
10,OC1=CC=CC=C1C([H])=O,C1(C2)C=CC2C=C1,OC(C=CC=C1)=C1C([C@@]2([H])C[C@H]3C[C@@H]2C=C3)=O,[H][C@@]1(C(C2=C(O)C=CC=C2)=O)C[C@H]3C[C@@H]1C=C3,CC(CC(C)=O)=O.C=C.C=C.[Rh],[C@@H]1([Fe]C2C(P(C3=CC=CC=C3)C4=CC=CC=C4)=CC=C2)C=CC=C1P(C5=CC=CC=C5)C6=CC=CC=C6,ClCCCl,,[O-]P([O-])([O-])=O.[K+].[K+].[K+].[K+].[K+].[K+],,,10.1002_adsc.200600583,,2.0,10.1002_adsc.200600583,1.0,5,,80,,,,,,,,,85:15,0.06,S,,,,,0.5,2,0.0,,,Rh,,,0.3,,,True,,11,,0.0,,R,,"P,P",,,,,,,,,,70.0,,3,,,1.8
11,OC1=CC=CC=C1C([H])=O,C1(C2)C=CC2C=C1,OC(C=CC=C1)=C1C([C@@]2([H])C[C@H]3C[C@@H]2C=C3)=O,[H][C@@]1(C(C2=C(O)C=CC=C2)=O)C[C@H]3C[C@@H]1C=C3,CC(CC(C)=O)=O.C=C.C=C.[Rh],P(C1CCCCC1)(C2CCCCC2)C3CCCCC3,ClCCCl,,[O-]P([O-])([O-])=O.[K+].[K+].[K+].[K+].[K+].[K+],,,10.1002_adsc.200600583,,2.0,10.1002_adsc.200600583,2.0,5,,80,,,,,,,,,50:50,0.06,S,,,,,,2,0.0,,,Rh,,,0.3,,,True,,12,,0.0,,R,,"P,P",,,,,,,,,,90.0,,3,,,1.8
12,OC1=CC=CC=C1C([H])=O,C1(C2)C=CC2C=C1,OC(C=CC=C1)=C1C([C@@]2([H])C[C@H]3C[C@@H]2C=C3)=O,[H][C@@]1(C(C2=C(O)C=CC=C2)=O)C[C@H]3C[C@@H]1C=C3,CC(CC(C)=O)=O.C=C.C=C.[Rh],,ClCCCl,,,,,10.1002_adsc.200600583,,,10.1002_adsc.200600583,,20,,80,,,,,,,,,54:46,,S,,,,,,2,,,,Rh,,,0.3,,,False,,13,,,,R,,,,,,,,,,,,20.0,,3,,,1.8
13,OC1=CC=CC=C1C([H])=O,C1(C2)C=CC2CC1,OC1=CC=CC=C1C([C@@]2([H])C[C@@H]3CC[C@H]2C3)=O,[H][C@@]1(C(C2=CC=CC=C2O)=O)C[C@@H]3CC[C@H]1C3,CC(CC(C)=O)=O.C=C.C=C.[Rh],CC1(C)O[C@@H](CP(C2=CC=CC=C2)C3=CC=CC=C3)[C@H](CP(C4=CC=CC=C4)C5=CC=CC=C5)O1,ClCCCl,,[O-]P([O-])([O-])=O.[K+].[K+].[K+].[K+].[K+].[K+],,,10.1002_adsc.200600583,,2.0,10.1002_adsc.200600583,1.0,5,,80,,,,,,,,,95:5,0.06,S,,,,,0.2,2,0.0,,,Rh,,,0.3,,,True,,14,,0.0,,R,,"P,P",,,,,,,,-0.11,,45.0,,3,,,1.8
14,OC1=CC=CC=C1C([H])=O,C1(C2)C=CC2CC1,OC1=CC=CC=C1C([C@@]2([H])C[C@@H]3CC[C@H]2C3)=O,[H][C@@]1(C(C2=CC=CC=C2O)=O)C[C@@H]3CC[C@H]1C3,CC(CC(C)=O)=O.C=C.C=C.[Rh],O=C(N[C@@H]1CCCC[C@H]1NC(C2=CC=CC=C2P(C3=CC=CC=C3)C4=CC=CC=C4)=O)C5=C(P(C6=CC=CC=C6)C7=CC=CC=C7)C=CC=C5,ClCCCl,,[O-]P([O-])([O-])=O.[K+].[K+].[K+].[K+].[K+].[K+],,,10.1002_adsc.200600583,,2.0,10.1002_adsc.200600583,1.0,5,,80,,,,,,,,,95:5,0.06,S,,,,,0.34,2,0.0,,,Rh,,,0.3,,,True,,15,,0.0,,R,,"P,P",,,,,,,,-0.2,,62.0,,3,,,1.8
15,OC1=CC=CC=C1C([H])=O,C1(C2)C=CC2CC1,OC1=CC=CC=C1C([C@@]2([H])C[C@@H]3CC[C@H]2C3)=O,[H][C@@]1(C(C2=CC=CC=C2O)=O)C[C@@H]3CC[C@H]1C3,CC(CC(C)=O)=O.C=C.C=C.[Rh],CN(C)P1OC2=[C@]([C@]3=C4C=CC=CC4=CC=C3O1)C5=CC=CC=C5C=C2,ClCCCl,,[O-]P([O-])([O-])=O.[K+].[K+].[K+].[K+].[K+].[K+],,,10.1002_adsc.200600583,,1.0,10.1002_adsc.200600583,2.0,5,,80,,,,,,,,,98:2,0.06,S,,,,,0.5,2,0.0,,,Rh,,,0.3,,,True,,16,,0.0,,R,,P,,,,,,,,-0.18,,65.0,,3,,,1.8
16,OC1=CC=CC=C1C([H])=O,C1(C2)C=CC2CC1,OC1=CC=CC=C1C([C@@]2([H])C[C@@H]3CC[C@H]2C3)=O,[H][C@@]1(C(C2=CC=CC=C2O)=O)C[C@@H]3CC[C@H]1C3,C1=C\CC/C=C\CC/1.[Rh+].[Rh+].[Cl-].[Cl-].C2=C\CC/C=C\CC/2,CC(C)N(C(C)C)P1OC2=[C@]([C@]3=C4C=CC=CC4=CC=C3O1)C5=CC=CC=C5C=C2,ClCCCl,,[O-]P([O-])([O-])=O.[K+].[K+].[K+].[K+].[K+].[K+],,,10.1002_adsc.200600583,,1.0,10.1002_adsc.200600583,2.0,5,,80,,,,,,,,,98:2,0.06,S,,,,,,2,0.0,,,Rh,,,0.3,,,True,,17,,1.0,,R,,P,,,,,,,,-0.03,,62.0,,3,,,1.8
17,OC1=CC=CC=C1C([H])=O,C1(C2)C=CC2CC1,OC1=CC=CC=C1C([C@@]2([H])C[C@@H]3CC[C@H]2C3)=O,[H][C@@]1(C(C2=CC=CC=C2O)=O)C[C@@H]3CC[C@H]1C3,CC(CC(C)=O)=O.C=C.C=C.[Rh],CN(C)P1OC2=[C@]([C@]3=C4C=CC=CC4=CC=C3O1)C5=CC=CC=C5C=C2,ClCCCl,,[O-]P([O-])([O-])=O.[K+].[K+].[K+].[K+].[K+].[K+],,,10.1002_adsc.200600583,,1.0,10.1002_adsc.200600583,2.0,5,,80,,,,,,,,,99:1,0.06,S,,,,,0.9,2,0.0,,,Rh,,,0.3,,,True,,18,,0.0,,R,,P,,,,,,,,,,23.0,,3,,,1.8
18,OC1=C(Cl)C=C(Cl)C=C1C([H])=O,C1(C2)C=CC2CC1,OC(C(Cl)=CC(Cl)=C1)=C1C([C@@]2([H])C[C@H]3C[C@@H]2CC3)=O,[H][C@@]1(C(C2=CC(Cl)=CC(Cl)=C2O)=O)C[C@@H]3CC[C@H]1C3,CC(CC(C)=O)=O.C=C.C=C.[Rh],CN(C)P1OC2=[C@]([C@]3=C4C=CC=CC4=CC=C3O1)C5=CC=CC=C5C=C2,ClCCCl,,[O-]P([O-])([O-])=O.[K+].[K+].[K+].[K+].[K+].[K+],,,10.1002_adsc.200600583,,1.0,10.1002_adsc.200600583,2.0,5,,80,,,,,,,,,99:1,0.06,S,,,,,0.7,2,0.0,,,Rh,,,0.3,,,True,,19,,0.0,,R,,P,,,,,,,,-0.07,,23.0,,3,,,1.8
19,OC1=CC=C([N+]([O-])=O)C=C1C([H])=O,C1(C2)C=CC2CC1,OC(C=CC([N+]([O-])=O)=C1)=C1C([C@@]2([H])C[C@H]3C[C@@H]2CC3)=O,[H][C@@]1(C(C2=CC([N+]([O-])=O)=CC=C2O)=O)C[C@@H]3CC[C@H]1C3,CC(CC(C)=O)=O.C=C.C=C.[Rh],CN(C)P1OC2=[C@]([C@]3=C4C=CC=CC4=CC=C3O1)C5=CC=CC=C5C=C2,ClCCCl,,[O-]P([O-])([O-])=O.[K+].[K+].[K+].[K+].[K+].[K+],,,10.1002_adsc.200600583,,1.0,10.1002_adsc.200600583,2.0,5,,80,,,,,,,,,98:2,0.06,S,,,,,0.69,2,0.0,,,Rh,,,0.3,,,True,,20,,0.0,,R,,P,,,,,,,,-0.06,,14.0,,3,,,1.8
20,NC1=C(Br)C=C(Br)C=C1C([H])=O,C1(C2)C=CC2CC1,NC(C(Br)=CC(Br)=C1)=C1C([C@@]2([H])C[C@H]3C[C@@H]2CC3)=O,[H][C@@]1(C(C2=CC(Br)=CC(Br)=C2N)=O)C[C@@H]3CC[C@H]1C3,CC(CC(C)=O)=O.C=C.C=C.[Rh],CN(C)P1OC2=[C@]([C@]3=C4C=CC=CC4=CC=C3O1)C5=CC=CC=C5C=C2,ClCCCl,,[O-]P([O-])([O-])=O.[K+].[K+].[K+].[K+].[K+].[K+],,,10.1002_adsc.200600583,,1.0,10.1002_adsc.200600583,2.0,5,,80,,,,,,,,,,0.06,S,,,,,,2,0.0,,,Rh,,,0.3,,,True,,21,,0.0,,R,,P,,,,,,,,,,43.0,,3,,,1.8
21,OC1=CC=CC=C1C([H])=O,C1(C2)C=CC2C=C1,OC(C=CC=C1)=C1C([C@@]2([H])C[C@H]3C[C@@H]2C=C3)=O,[H][C@@]1(C(C2=C(O)C=CC=C2)=O)C[C@H]3C[C@@H]1C=C3,CC(CC(C)=O)=O.C=C.C=C.[Rh],O=C(N[C@@H]1CCCC[C@H]1NC(C2=CC=CC=C2P(C3=CC=CC=C3)C4=CC=CC=C4)=O)C5=C(P(C6=CC=CC=C6)C7=CC=CC=C7)C=CC=C5,ClCCCl,,,,,10.1002_adsc.200600583,,,10.1002_adsc.200600583,1.1,20,,80,,,,,,,,,57:43,,S,,,,,0.84,2,0.0,,,Rh,,,0.3,,,True,,22,,0.0,,R,,,,,,,,,,,,44.0,0.1,3,,,1.8
22,OC1=CC=CC=C1C([H])=O,C1(C2)C=CC2C=C1,OC(C=CC=C1)=C1C([C@@]2([H])C[C@H]3C[C@@H]2C=C3)=O,[H][C@@]1(C(C2=C(O)C=CC=C2)=O)C[C@H]3C[C@@H]1C=C3,CC(CC(C)=O)=O.C=C.C=C.[Rh],C1(C=CC=C2)=C2[C@]([C@]3=C(C=CC=C4)C4=CC=C3P(C5=CC=CC=C5)C6=CC=CC=C6)=C(P(C7=CC=CC=C7)C8=CC=CC=C8)C=C1,ClCCCl,,,,,10.1002_adsc.200600583,,2.0,10.1002_adsc.200600583,1.1,20,,80,,,,,,,,,55:45,,S,,,,,0.61,2,0.0,,,Rh,,,0.3,,,True,,23,,0.0,,R,,"P,P",,,,,,,,,,28.0,,3,,,1.8
23,OC1=CC=CC=C1C([H])=O,C1(C2)C=CC2C=C1,OC(C=CC=C1)=C1C([C@@]2([H])C[C@H]3C[C@@H]2C=C3)=O,[H][C@@]1(C(C2=C(O)C=CC=C2)=O)C[C@H]3C[C@@H]1C=C3,CC(CC(C)=O)=O.C=C.C=C.[Rh],C[C@@H](P(C1=CC=CC=C1)C2=CC=CC=C2)[C@H](P(C3=CC=CC=C3)C4=CC=CC=C4)C,ClCCCl,,,,,10.1002_adsc.200600583,,2.0,10.1002_adsc.200600583,1.1,20,,80,,,,,,,,,58:42,,S,,,,,0.89,2,0.0,,,Rh,,,0.3,,,True,,24,,0.0,,R,,"P,P",,,,,,,,,,86.0,0.08,3,,,1.8
24,OC1=CC=CC=C1C([H])=O,C1(C2)C=CC2C=C1,OC(C=CC=C1)=C1C([C@@]2([H])C[C@H]3C[C@@H]2C=C3)=O,[H][C@@]1(C(C2=C(O)C=CC=C2)=O)C[C@H]3C[C@@H]1C=C3,CC(CC(C)=O)=O.C=C.C=C.[Rh],[C@@H]1(C2)C=C[C@H]2[C@@H](P(C3=CC=CC=C3)C4=CC=CC=C4)[C@@H]1P(C5=CC=CC=C5)C6=CC=CC=C6,ClCCCl,,,,,10.1002_adsc.200600583,,2.0,10.1002_adsc.200600583,1.1,20,,80,,,,,,,,,77:23,,S,,,,,0.19,2,0.0,,,Rh,,,0.3,,,True,,25,,0.0,,R,,"P,P",,,,,,,,,,67.0,0.21,3,,,1.8
25,OC1=CC=CC=C1C([H])=O,C1(C2)C=CC2C=C1,OC(C=CC=C1)=C1C([C@@]2([H])C[C@H]3C[C@@H]2C=C3)=O,[H][C@@]1(C(C2=C(O)C=CC=C2)=O)C[C@H]3C[C@@H]1C=C3,CC(CC(C)=O)=O.C=C.C=C.[Rh],CC(C)[C@H](CO1)N=C1C(C=CC=C2)=C2P(C3=CC=CC=C3)C4=CC=CC=C4,ClCCCl,,[O-]P([O-])([O-])=O.[K+].[K+].[K+].[K+].[K+].[K+],,,10.1002_adsc.200600583,,2.0,10.1002_adsc.200600583,1.0,5,,80,,,,,,,,,46:54,0.06,S,,,,,0.77,2,0.0,,,Rh,,,0.3,,,True,,26,,0.0,,R,,"P,P",,,,,,,,,,19.0,0.19,3,,,1.8
26,OC1=CC=CC=C1C([H])=O,C1(C2)C=CC2C=C1,OC(C=CC=C1)=C1C([C@@]2([H])C[C@H]3C[C@@H]2C=C3)=O,[H][C@@]1(C(C2=C(O)C=CC=C2)=O)C[C@H]3C[C@@H]1C=C3,CC(CC(C)=O)=O.C=C.C=C.[Rh],CC(C)[C@H]1COC(C2=C3CCC(C(P(C4=CC=CC=C4)C5=CC=CC=C5)=C6)=CC=C6CCC(C=C3)=C2)=N1,ClCCCl,,,,,10.1002_adsc.200600583,,2.0,10.1002_adsc.200600583,1.1,20,,80,,,,,,,,,54:46,,S,,,,,0.98,2,0.0,,,Rh,,,0.3,,,True,,27,,0.0,,R,,"P,N",,,,,,,,,,17.0,0.07,3,,,1.8
27,OC1=CC=CC=C1C([H])=O,C1(C2)C=CC2C=C1,OC(C=CC=C1)=C1C([C@@]2([H])C[C@H]3C[C@@H]2C=C3)=O,[H][C@@]1(C(C2=C(O)C=CC=C2)=O)C[C@H]3C[C@@H]1C=C3,CC(CC(C)=O)=O.C=C.C=C.[Rh],CC(C)[C@H]1COC(C2=CC3=CC=C2CCC4=C(P(C5=CC=CC=C5)C6=CC=CC=C6)C=C(C=C4)CC3)=N1,ClCCCl,,,,,10.1002_adsc.200600583,,2.0,10.1002_adsc.200600583,1.1,20,,80,,,,,,,,,56:44,,S,,,,,0.99,2,0.0,,,Rh,,,0.3,,,True,,28,,0.0,,R,,"P,N",,,,,,,,,,19.0,0.09,3,,,1.8
28,OC1=CC=CC=C1C([H])=O,C1(C2)C=CC2C=C1,OC(C=CC=C1)=C1C([C@@]2([H])C[C@H]3C[C@@H]2C=C3)=O,[H][C@@]1(C(C2=C(O)C=CC=C2)=O)C[C@H]3C[C@@H]1C=C3,CC(CC(C)=O)=O.C=C.C=C.[Rh],CC(C)[C@H]1COC(C2=C3CCC(C=C4)=CC=C4CCC(C=C3)=C2P(C5=CC=CC=C5)C6=CC=CC=C6)=N1,ClCCCl,,,,,10.1002_adsc.200600583,,2.0,10.1002_adsc.200600583,1.1,20,,80,,,,,,,,,38:62,,S,,,,,0.31,2,0.0,,,Rh,,,0.3,,,True,,29,,0.0,,R,,"P,N",,,,,,,,,,47.0,0.15,3,,,1.8
29,OC1=CC=CC=C1C([H])=O,C1(C2)C=CC2C=C1,OC(C=CC=C1)=C1C([C@@]2([H])C[C@H]3C[C@@H]2C=C3)=O,[H][C@@]1(C(C2=C(O)C=CC=C2)=O)C[C@H]3C[C@@H]1C=C3,CC(CC(C)=O)=O.C=C.C=C.[Rh],CC(C)[C@H]1COC(C2=C(C=C3)CCC4=CC=C(C=C4)CCC3=C2P(C5=CC=CC=C5)C6=CC=CC=C6)=N1,ClCCCl,,,,,10.1002_adsc.200600583,,2.0,10.1002_adsc.200600583,1.1,20,,80,,,,,,,,,50:50,,S,,,,,0.54,2,0.0,,,Rh,,,0.3,,,True,,30,,0.0,,R,,"P,N",,,,,,,,,,46.0,0.06,3,,,1.8
30,OC1=CC=CC=C1C([H])=O,C1(C2)C=CC2C=C1,OC(C=CC=C1)=C1C([C@@]2([H])C[C@H]3C[C@@H]2C=C3)=O,[H][C@@]1(C(C2=C(O)C=CC=C2)=O)C[C@H]3C[C@@H]1C=C3,CC(CC(C)=O)=O.C=C.C=C.[Rh],CN(C)P1OC2=[C@]([C@]3=C4C=CC=CC4=CC=C3O1)C5=CC=CC=C5C=C2,ClCCCl,,[O-]P([O-])([O-])=O.[K+].[K+].[K+].[K+].[K+].[K+],,,10.1002_adsc.200600583,,1.0,10.1002_adsc.200600583,2.0,5,,80,,,,,,,,,7:93,0.06,S,,,,,0.98,2,0.0,,,Rh,,,0.3,,,True,,31,,0.0,,R,,P,,,,,,,,,,13.0,0.35,3,,,1.8
31,OC1=CC=CC=C1C([H])=O,C1(C2)C=CC2C=C1,OC(C=CC=C1)=C1C([C@@]2([H])C[C@H]3C[C@@H]2C=C3)=O,[H][C@@]1(C(C2=C(O)C=CC=C2)=O)C[C@H]3C[C@@H]1C=C3,CC(CC(C)=O)=O.C=C.C=C.[Rh],CN(C)P1OC2=[C@]([C@]3=C4C=CC=CC4=CC=C3O1)C5=CC=CC=C5C=C2,ClCCCl,,[O-]P([O-])([O-])=O.[K+].[K+].[K+].[K+].[K+].[K+],,,10.1002_adsc.200600583,,1.0,10.1002_adsc.200600583,2.0,5,,25,,,,,,,,,5:95,0.06,S,,,,,0.93,2,0.0,,,Rh,,,0.3,,,True,,32,,0.0,,R,,P,,,,,,,,,,17.0,0.37,3,,,1.8
32,OC1=CC=CC=C1C([H])=O,C1(C2)C=CC2C=C1,OC(C=CC=C1)=C1C([C@@]2([H])C[C@H]3C[C@@H]2C=C3)=O,[H][C@@]1(C(C2=C(O)C=CC=C2)=O)C[C@H]3C[C@@H]1C=C3,CC(CC(C)=O)=O.C=C.C=C.[Rh],CN(C)P1OC2=[C@]([C@]3=C4C=CC=CC4=CC=C3O1)C5=CC=CC=C5C=C2,ClCCCl,,[O-]P([O-])([O-])=O.[K+].[K+].[K+].[K+].[K+].[K+],,,10.1002_adsc.200600583,,1.0,10.1002_adsc.200600583,2.0,100,,80,,,,,,,,,35:65,0.06,S,,,,,0.95,2,0.0,,,Rh,,,0.3,,,True,,33,,0.0,,R,,P,,,,,,,,,,18.0,0.33,3,,,1.8
33,OC1=CC=CC=C1C([H])=O,C1(C2)C=CC2C=C1,OC(C=CC=C1)=C1C([C@@]2([H])C[C@H]3C[C@@H]2C=C3)=O,[H][C@@]1(C(C2=C(O)C=CC=C2)=O)C[C@H]3C[C@@H]1C=C3,CC(CC(C)=O)=O.C=C.C=C.[Rh],CN(C)P1OC2=[C@]([C@]3=C4C=CC=CC4=CC=C3O1)C5=CC=CC=C5C=C2,ClCCCl,,[O-]P([O-])([O-])=O.[K+].[K+].[K+].[K+].[K+].[K+],,,10.1002_adsc.200600583,,1.0,10.1002_adsc.200600583,2.0,100,,80,,,,,,,,,62:38,0.06,S,,,,,0.9,2,0.0,,,Rh,,,0.3,,,True,,34,,0.0,,R,,P,,,,,,,,,,90.0,,3,,,1.8
34,OC1=CC=CC=C1C([H])=O,C1(C2)C=CC2C=C1,OC(C=CC=C1)=C1C([C@@]2([H])C[C@H]3C[C@@H]2C=C3)=O,[H][C@@]1(C(C2=C(O)C=CC=C2)=O)C[C@H]3C[C@@H]1C=C3,CC(CC(C)=O)=O.C=C.C=C.[Rh],CN(C)P1OC2=[C@]([C@]3=C4C=CC=CC4=CC=C3O1)C5=CC=CC=C5C=C2,ClCCCl,,,,,10.1002_adsc.200600583,,1.0,10.1002_adsc.200600583,2.0,20,,80,,,,,,,,,2:98,,S,,,,,0.87,2,0.0,,,Rh,,,0.3,,,True,,35,,0.0,,R,,P,,,,,,,,,,1.0,0.35,3,,,1.8
35,OC1=CC=CC=C1C([H])=O,C1(C2)C=CC2C=C1,OC(C=CC=C1)=C1C([C@@]2([H])C[C@H]3C[C@@H]2C=C3)=O,[H][C@@]1(C(C2=C(O)C=CC=C2)=O)C[C@H]3C[C@@H]1C=C3,CC(CC(C)=O)=O.C=C.C=C.[Rh],CN(C)P1OC2=[C@]([C@]3=C4C=CC=CC4=CC=C3O1)C5=CC=CC=C5C=C2,ClCCCl,,[O-]P([O-])([O-])=O.[K+].[K+].[K+].[K+].[K+].[K+],,,10.1002_adsc.200600583,,1.0,10.1002_adsc.200600583,2.0,5,,25,,,,,,,,,17:83,0.06,S,,,,,0.44,2,0.0,,,Rh,,,0.3,,,True,,36,,0.0,,R,,P,,,,,,,,,,19.0,0.46,3,,,1.8
36,OC1=CC=CC=C1C([H])=O,C1(C2)C=CC2C=C1,OC(C=CC=C1)=C1C([C@@]2([H])C[C@H]3C[C@@H]2C=C3)=O,[H][C@@]1(C(C2=C(O)C=CC=C2)=O)C[C@H]3C[C@@H]1C=C3,CC(CC(C)=O)=O.C=C.C=C.[Rh],C[C@H](C1=CC=CC=C1)N([C@@H](C2=CC=CC=C2)C)P3OC4=[C@]([C@]5=C6C=CC=CC6=CC=C5O3)C7=CC=CC=C7C=C4,ClCCCl,,[O-]P([O-])([O-])=O.[K+].[K+].[K+].[K+].[K+].[K+],,,10.1002_adsc.200600583,,2.0,10.1002_adsc.200600583,2.0,5,,80,,,,,,,,,57:43,0.06,S,,,,,0.81,2,0.0,,,Rh,,,0.3,,,True,,37,,0.0,,R,,"P,N",,,,,,,,,,20.0,-0.06,3,,,1.8
37,OC1=CC=CC=C1C([H])=O,C1(C2)C=CC2C=C1,OC(C=CC=C1)=C1C([C@@]2([H])C[C@H]3C[C@@H]2C=C3)=O,[H][C@@]1(C(C2=C(O)C=CC=C2)=O)C[C@H]3C[C@@H]1C=C3,CC(CC(C)=O)=O.C=C.C=C.[Rh],C[C@@H](C1=CC=CC=C1)N([C@H](C2=CC=CC=C2)C)P3OC4=[C@]([C@]5=C6C=CC=CC6=CC=C5O3)C7=CC=CC=C7C=C4,ClCCCl,,[O-]P([O-])([O-])=O.[K+].[K+].[K+].[K+].[K+].[K+],,,10.1002_adsc.200600583,,2.0,10.1002_adsc.200600583,2.0,5,,80,,,,,,,,,56:44,0.06,S,,,,,0.93,2,0.0,,,Rh,,,0.3,,,True,,38,,0.0,,R,,"P,N",,,,,,,,,,15.0,0.19,3,,,1.8
38,OC1=CC=CC=C1C([H])=O,C1(C2)C=CC2C=C1,OC(C=CC=C1)=C1C([C@@]2([H])C[C@H]3C[C@@H]2C=C3)=O,[H][C@@]1(C(C2=C(O)C=CC=C2)=O)C[C@H]3C[C@@H]1C=C3,CC(CC(C)=O)=O.C=C.C=C.[Rh],C1(C=CC=C2)=C2[C@]([C@]3=C(C=CC=C4)C4=CC=C3OP(N5CCCCC5)O6)=C6C=C1,ClCCCl,,,,,10.1002_adsc.200600583,,2.0,10.1002_adsc.200600583,2.0,20,,80,,,,,,,,,3:97,,S,,,,,0.99,2,0.0,,,Rh,,,0.3,,,True,,39,,0.0,,R,,"P,N",,,,,,,,,,2.0,-0.13,3,,,1.8
39,OC1=CC=CC=C1C([H])=O,C1(C2)C=CC2C=C1,OC(C=CC=C1)=C1C([C@@]2([H])C[C@H]3C[C@@H]2C=C3)=O,[H][C@@]1(C(C2=C(O)C=CC=C2)=O)C[C@H]3C[C@@H]1C=C3,CC(CC(C)=O)=O.C=C.C=C.[Rh],C1(C=CC=C2)=C2[C@]([C@]3=C(C=CC=C4)C4=CC=C3OP(N5CCOCC5)O6)=C6C=C1,ClCCCl,,,,,10.1002_adsc.200600583,,2.0,10.1002_adsc.200600583,2.0,20,,80,,,,,,,,,4:96,,S,,,,,0.96,2,0.0,,,Rh,,,0.3,,,True,,40,,0.0,,R,,"P,N",,,,,,,,,,2.0,0.1,3,,,1.8
40,OC1=CC=CC=C1C([H])=O,C1(C2)C=CC2C=C1,OC(C=CC=C1)=C1C([C@@]2([H])C[C@H]3C[C@@H]2C=C3)=O,[H][C@@]1(C(C2=C(O)C=CC=C2)=O)C[C@H]3C[C@@H]1C=C3,CC(CC(C)=O)=O.C=C.C=C.[Rh],CC1=CC(C=CC=C2)=C2[C@]3=C1OP(N(C)C)OC4=C(C)C=C5C(C=CC=C5)=[C@@]34,ClCCCl,,[O-]P([O-])([O-])=O.[K+].[K+].[K+].[K+].[K+].[K+],,,10.1002_adsc.200600583,,2.0,10.1002_adsc.200600583,2.0,5,,80,,,,,,,,,45:55,0.06,S,,,,,0.96,2,0.0,,,Rh,,,0.3,,,True,,41,,0.0,,R,,"P,N",,,,,,,,,,5.0,0.32,3,,,1.8
41,OC1=CC=CC=C1C([H])=O,C1(C2)C=CC2C=C1,OC(C=CC=C1)=C1C([C@@]2([H])C[C@H]3C[C@@H]2C=C3)=O,[H][C@@]1(C(C2=C(O)C=CC=C2)=O)C[C@H]3C[C@@H]1C=C3,FB(F)F.C12C=CC(C2)C=C1.C34C=CC(C4)C=C3.[F-].[Rh+],CC1=CC(C=CC=C2)=C2[C@]3=C1OP(N(C)C)OC4=C(C)C=C5C(C=CC=C5)=[C@@]34,ClCCCl,,[O-]P([O-])([O-])=O.[K+].[K+].[K+].[K+].[K+].[K+],,,10.1002_adsc.200600583,,2.0,10.1002_adsc.200600583,2.0,5,,25,,,,,,,,,14:86,0.06,S,,,,,0.73,2,0.0,,,Rh,,,0.3,,,True,,42,,1.0,,R,,"P,N",,,,,,,,,,19.0,0.41,3,,,1.8
42,OC1=CC=CC=C1C([H])=O,C1(C2)C=CC2C=C1,OC(C=CC=C1)=C1C([C@@]2([H])C[C@H]3C[C@@H]2C=C3)=O,[H][C@@]1(C(C2=C(O)C=CC=C2)=O)C[C@H]3C[C@@H]1C=C3,CC(CC(C)=O)=O.C=C.C=C.[Rh],CN(C)P1OC2=[C@@]([C@@]3=C(C=CC=C4)C4=CC(C5=CC=CC=C5)=C3O1)C6=C(C=CC=C6)C=C2C7=CC=CC=C7,ClCCCl,,,,,10.1002_adsc.200600583,,2.0,10.1002_adsc.200600583,2.0,20,,80,,,,,,,,,30:70,,S,,,,,0.91,2,0.0,,,Rh,,,0.3,,,True,,43,,0.0,,R,,"P,N",,,,,,,,,,14.0,0.18,3,,,1.8
43,OC1=CC=CC=C1C([H])=O,C1(C2)C=CC2C=C1,OC(C=CC=C1)=C1C([C@@]2([H])C[C@H]3C[C@@H]2C=C3)=O,[H][C@@]1(C(C2=C(O)C=CC=C2)=O)C[C@H]3C[C@@H]1C=C3,CC(CC(C)=O)=O.C=C.C=C.[Rh],CN(C)P1OC2=[C@@]([C@@]3=C(C=CC=C4)C4=CC(C5=CC=C(C(F)(F)F)C=C5)=C3O1)C6=C(C=CC=C6)C=C2C7=CC=C(C(F)(F)F)C=C7,ClCCCl,,,,,10.1002_adsc.200600583,,2.0,10.1002_adsc.200600583,2.0,20,,80,,,,,,,,,26:74,,S,,,,,0.59,2,0.0,,,Rh,,,0.3,,,True,,44,,0.0,,R,,"P,N",,,,,,,,,,39.0,0.1,3,,,1.8
44,OC1=CC=CC=C1C([H])=O,C1(C2)C=CC2C=C1,OC(C=CC=C1)=C1C([C@@]2([H])C[C@H]3C[C@@H]2C=C3)=O,[H][C@@]1(C(C2=C(O)C=CC=C2)=O)C[C@H]3C[C@@H]1C=C3,CC(CC(C)=O)=O.C=C.C=C.[Rh],CCN(CC)P1OC2=[C@@]([C@@]3=C(C=CC=C4)C4=CC(P(C5=CC=CC=C5)C6=CC=CC=C6)=C3O1)C7=C(C=CC=C7)C=C2P(C8=CC=CC=C8)C9=CC=CC=C9,ClCCCl,,,,,10.1002_adsc.200600583,,2.0,10.1002_adsc.200600583,1.1,20,,80,,,,,,,,,,,S,,,,,,2,0.0,,,Rh,,,0.3,,,True,,45,,0.0,,R,,"P,N",,,,,,,,,,17.0,,3,,,1.8
45,OC1=CC=CC=C1C([H])=O,C1(C2)C=CC2C=C1,OC(C=CC=C1)=C1C([C@@]2([H])C[C@H]3C[C@@H]2C=C3)=O,[H][C@@]1(C(C2=C(O)C=CC=C2)=O)C[C@H]3C[C@@H]1C=C3,CC(CC(C)=O)=O.C=C.C=C.[Rh],CN(C)P1OC2=[C@]([C@]3=C4CCCCC4=CC=C3O1)C5=C(C=C2)CCCC5,ClCCCl,,,,,10.1002_adsc.200600583,,2.0,10.1002_adsc.200600583,2.0,20,,80,,,,,,,,,5:95,,S,,,,,0.96,2,0.0,,,Rh,,,0.3,,,True,,46,,0.0,,R,,"P,N",,,,,,,,,,0.5,0.39,3,,,1.8
46,OC1=CC=CC=C1C([H])=O,C1(C2)C=CC2C=C1,OC(C=CC=C1)=C1C([C@@]2([H])C[C@H]3C[C@@H]2C=C3)=O,[H][C@@]1(C(C2=C(O)C=CC=C2)=O)C[C@H]3C[C@@H]1C=C3,CC(CC(C)=O)=O.C=C.C=C.[Rh],CC(C)OP1OC2=[C@]([C@]3=C4C=CC=CC4=CC=C3O1)C5=CC=CC=C5C=C2,ClCCCl,,,,,10.1002_adsc.200600583,,2.0,10.1002_adsc.200600583,2.0,20,,80,,,,,,,,,19:81,,S,,,,,0.98,2,0.0,,,Rh,,,0.3,,,True,,47,,0.0,,R,,"P,O",,,,,,,,,,3.5,0.05,3,,,1.8
47,OC1=CC=CC=C1C([H])=O,C1(C2)C=CC2C=C1,OC(C=CC=C1)=C1C([C@@]2([H])C[C@H]3C[C@@H]2C=C3)=O,[H][C@@]1(C(C2=C(O)C=CC=C2)=O)C[C@H]3C[C@@H]1C=C3,CC(CC(C)=O)=O.C=C.C=C.[Rh],C[C@@H](C1=CC=CC=C1)OP2OC3=[C@]([C@]4=C5C=CC=CC5=CC=C4O2)C6=CC=CC=C6C=C3,ClCCCl,,,,,10.1002_adsc.200600583,,2.0,10.1002_adsc.200600583,2.0,20,,80,,,,,,,,,3:97,,S,,,,,0.99,2,0.0,,,Rh,,,0.3,,,True,,48,,0.0,,R,,"P,O",,,,,,,,,,1.2,0.13,3,,,1.8
48,OC1=CC=CC=C1C([H])=O,C1(C2)C=CC2C=C1,OC(C=CC=C1)=C1C([C@@]2([H])C[C@H]3C[C@@H]2C=C3)=O,[H][C@@]1(C(C2=C(O)C=CC=C2)=O)C[C@H]3C[C@@H]1C=C3,CC(CC(C)=O)=O.C=C.C=C.[Rh],C[C@H](C1=CC=CC=C1)OP2OC3=[C@]([C@]4=C5C=CC=CC5=CC=C4O2)C6=CC=CC=C6C=C3,ClCCCl,,,,,10.1002_adsc.200600583,,2.0,10.1002_adsc.200600583,2.0,20,,80,,,,,,,,,4:96,,S,,,,,0.99,2,0.0,,,Rh,,,0.3,,,True,,49,,0.0,,R,,"P,O",,,,,,,,,,1.2,-0.1,3,,,1.8
49,OC1=CC=CC=C1C([H])=O,C1(C2)C=CC2C=C1,OC(C=CC=C1)=C1C([C@@]2([H])C[C@H]3C[C@@H]2C=C3)=O,[H][C@@]1(C(C2=C(O)C=CC=C2)=O)C[C@H]3C[C@@H]1C=C3,CC(CC(C)=O)=O.C=C.C=C.[Rh],CC1(C)O[C@@H]2[C@H](C(C3=CC=CC=C3)(C4=CC=CC=C4)OP(N(C)C)OC2(C5=CC=CC=C5)C6=CC=CC=C6)O1,ClCCCl,,,,,10.1002_adsc.200600583,,2.0,10.1002_adsc.200600583,2.0,20,,80,,,,,,,,,48:52,,S,,,,,0.95,2,0.0,,,Rh,,,0.3,,,True,,50,,0.0,,R,,"P,N",,,,,,,,0.34,,4.0,0.13,3,,,1.8
50,OC1=CC=CC=C1C([H])=O,C1(C2)C=CC2C=C1,OC(C=CC=C1)=C1C([C@@]2([H])C[C@H]3C[C@@H]2C=C3)=O,[H][C@@]1(C(C2=C(O)C=CC=C2)=O)C[C@H]3C[C@@H]1C=C3,CC(CC(C)=O)=O.C=C.C=C.[Rh],CCN(CC)P(O1)O[C@@H](C(OC(C)C)=O)[C@@H]1C(OC(C)C)=O,ClCCCl,,,,,10.1002_adsc.200600583,,2.0,10.1002_adsc.200600583,2.0,20,,80,,,,,,,,,1:99,,S,,,,,0.93,2,0.0,,,Rh,,,0.3,,,True,,51,,0.0,,R,,"P,N",,,,,,,,,,1.5,-0.44,3,,,1.8
51,OC1=C(Cl)C=C(Cl)C=C1C([H])=O,C1(C2)C=CC2C=C1,OC(C(Cl)=CC(Cl)=C1)=C1C([C@@]2([H])C[C@H]3C[C@@H]2C=C3)=O,[H][C@@]1(C(C2=CC(Cl)=CC(Cl)=C2O)=O)C[C@@H]3C=C[C@H]1C3,CC(CC(C)=O)=O.C=C.C=C.[Rh],CN(C)P1OC2=[C@]([C@]3=C4C=CC=CC4=CC=C3O1)C5=CC=CC=C5C=C2,ClCCCl,,,,,10.1002_adsc.200600583,,1.0,10.1002_adsc.200600583,2.0,20,,80,,,,,,,,,9:91,,S,,,,,0.97,2,0.0,,,Rh,,,0.3,,,True,,52,,0.0,,R,,P,,,,,,,,-0.72,,0.5,0.42,3,,,1.8
52,OC1=CC=C([N+]([O-])=O)C=C1C([H])=O,C1(C2)C=CC2C=C1,OC(C=CC([N+]([O-])=O)=C1)=C1C([C@@]2([H])C[C@H]3C[C@@H]2C=C3)=O,[H][C@@]1(C(C2=CC([N+]([O-])=O)=CC=C2O)=O)C[C@@H]3C=C[C@H]1C3,CC(CC(C)=O)=O.C=C.C=C.[Rh],CN(C)P1OC2=[C@]([C@]3=C4C=CC=CC4=CC=C3O1)C5=CC=CC=C5C=C2,ClCCCl,,,,,10.1002_adsc.200600583,,1.0,10.1002_adsc.200600583,2.0,20,,80,,,,,,,,,5:95,,S,,,,,0.81,2,0.0,,,Rh,,,0.3,,,True,,53,,0.0,,R,,P,,,,,,,,-0.74,,0.5,0.37,3,,,1.8
53,OC1=CC=C([N+]([O-])=O)C=C1C([H])=O,C1(C2)C=CC2C=C1,OC(C=CC([N+]([O-])=O)=C1)=C1C([C@@]2([H])C[C@H]3C[C@@H]2C=C3)=O,[H][C@@]1(C(C2=CC([N+]([O-])=O)=CC=C2O)=O)C[C@@H]3C=C[C@H]1C3,FB(F)F.C12C=CC(C2)C=C1.C34C=CC(C4)C=C3.[F-].[Rh+],CN(C)P1OC2=[C@]([C@]3=C4C=CC=CC4=CC=C3O1)C5=CC=CC=C5C=C2,ClCCCl,,[O-]P([O-])([O-])=O.[K+].[K+].[K+].[K+].[K+].[K+],,,10.1002_adsc.200600583,,1.0,10.1002_adsc.200600583,2.0,5,,80,,,,,,,,,9:91,0.06,S,,,,,0.97,2,0.0,,,Rh,,,0.3,,,True,,54,,1.0,,R,,P,,,,,,,,-0.94,,13.0,0.4,3,,,1.8
54,NC1=C(Br)C=C(Br)C=C1C([H])=O,C1(C2)C=CC2C=C1,NC(C(Br)=CC(Br)=C1)=C1C([C@@]2([H])C[C@H]3C[C@@H]2C=C3)=O,[H][C@@]1(C(C2=CC(Br)=CC(Br)=C2N)=O)C[C@@H]3C=C[C@H]1C3,CC(CC(C)=O)=O.C=C.C=C.[Rh],CN(C)P1OC2=[C@]([C@]3=C4C=CC=CC4=CC=C3O1)C5=CC=CC=C5C=C2,ClCCCl,,[O-]P([O-])([O-])=O.[K+].[K+].[K+].[K+].[K+].[K+],,,10.1002_adsc.200600583,,1.0,10.1002_adsc.200600583,0.5,5,,80,,,,,,,,,5:95,0.06,S,,,,,0.92,2,0.0,,,Rh,,,0.3,,,True,,55,,0.0,,R,,P,,,,,,,,,,14.0,0.41,3,,,1.8
55,O=C([H])C1=C(O)C=CC2=C1C=CC=C2,C1(C2)C=CC2C=C1,O=C([C@@]1([H])C[C@H]2C[C@@H]1C=C2)C3=C(C=CC=C4)C4=CC=C3O,[H][C@@]1(C(C2=C(O)C=CC3=C2C=CC=C3)=O)C[C@@H]4C=C[C@H]1C4,CC(CC(C)=O)=O.C=C.C=C.[Rh],CN(C)P1OC2=[C@]([C@]3=C4C=CC=CC4=CC=C3O1)C5=CC=CC=C5C=C2,ClCCCl,,,,,10.1002_adsc.200600583,,1.0,10.1002_adsc.200600583,2.0,20,,80,,,,,,,,,3:97,,S,,,,,0.99,2,0.0,,,Rh,,,0.3,,,True,,56,,0.0,,R,,P,,,,,,,,,,0.7,0.32,3,,,1.8
56,OC1=CC=C(C)C=C1C([H])=O,C1(C2)C=CC2C=C1,OC(C=CC(C)=C1)=C1C([C@@]2([H])C[C@H]3C[C@@H]2C=C3)=O,[H][C@@]1(C(C2=CC(C)=CC=C2O)=O)C[C@@H]3C=C[C@H]1C3,CC(CC(C)=O)=O.C=C.C=C.[Rh],CN(C)P1OC2=[C@]([C@]3=C4C=CC=CC4=CC=C3O1)C5=CC=CC=C5C=C2,ClCCCl,,,,,10.1002_adsc.200600583,,1.0,10.1002_adsc.200600583,2.0,20,,80,,,,,,,,,2:98,,S,,,,,0.99,2,0.0,,,Rh,,,0.3,,,True,,57,,0.0,,R,,P,,,,,,,,,,1.0,0.11,3,,,1.8
57,OC1=C(C(C)(C)C)C=C(C(C)(C)C)C=C1C([H])=O,C1(C2)C=CC2C=C1,OC(C(C(C)(C)C)=CC(C(C)(C)C)=C1)=C1C([C@@]2([H])C[C@H]3C[C@@H]2C=C3)=O,[H][C@@]1(C(C2=CC(C(C)(C)C)=CC(C(C)(C)C)=C2O)=O)C[C@@H]3C=C[C@H]1C3,O=C(CC(C(C)(C)C)=O)C(C)(C)C.[Rh].C1C/C=C\CC/C=C\1,CN(C)P1OC2=[C@]([C@]3=C4C=CC=CC4=CC=C3O1)C5=CC=CC=C5C=C2,ClCCCl,,,,,10.1002_adsc.200600583,,1.0,10.1002_adsc.200600583,2.0,20,,80,,,,,,,,,4:96,,S,,,,,0.92,2,0.0,,,Rh,,,0.3,,,True,,58,,0.0,,R,,P,,,,,,,,,,19.0,0.35,3,,,1.8
58,OC1=C(O)C=CC=C1C([H])=O,C1(C2)C=CC2C=C1,OC(C(O)=CC=C1)=C1C([C@@]2([H])C[C@H]3C[C@@H]2C=C3)=O,[H][C@@]1(C(C2=CC=CC(O)=C2O)=O)C[C@@H]3C=C[C@H]1C3,CC(CC(C)=O)=O.C=C.C=C.[Rh],CN(C)P1OC2=[C@]([C@]3=C4C=CC=CC4=CC=C3O1)C5=CC=CC=C5C=C2,ClCCCl,,,,,10.1002_adsc.200600583,,1.0,10.1002_adsc.200600583,2.0,20,,80,,,,,,,,,5:95,,S,,,,,0.98,2,0.0,,,Rh,,,0.3,,,True,,59,,0.0,,R,,P,,,,,,,,,,1.0,0.54,3,,,1.8
59,[H]C(C1=NC=CC=C1)=O,C1(C2)C=CC2C=C1,O=C([C@@]1([H])C[C@H]2C[C@@H]1C=C2)C3=NC=CC=C3,[H][C@@]1(C(C2=CC=CC=N2)=O)C[C@@H]3C=C[C@H]1C3,CC(CC(C)=O)=O.C=C.C=C.[Rh],CN(C)P1OC2=[C@]([C@]3=C4C=CC=CC4=CC=C3O1)C5=CC=CC=C5C=C2,ClCCCl,,,,,10.1002_adsc.200600583,,1.0,10.1002_adsc.200600583,0.5,5,,80,,,,,,,,,,,S,,,,,,2,0.0,,,Rh,,,0.3,,,True,,60,,0.0,,R,,P,,,,,,,,,,39.0,,3,,,1.8
60,[H]C(C1=CC=CC=C1OC)=O,C1(C2)C=CC2C=C1,O=C([C@@]1([H])C[C@H]2C[C@@H]1C=C2)C3=C(OC)C=CC=C3,[H][C@@]1(C(C2=CC(C)=CC=C2OC)=O)C[C@@H]3C=C[C@H]1C3,CC(CC(C)=O)=O.C=C.C=C.[Rh],CN(C)P1OC2=[C@]([C@]3=C4C=CC=CC4=CC=C3O1)C5=CC=CC=C5C=C2,ClCCCl,,,,,10.1002_adsc.200600583,,1.0,10.1002_adsc.200600583,0.5,5,,80,,,,,,,,,,,S,,,,,,2,0.0,,,Rh,,,0.3,,,True,,61,,0.0,,R,,P,,,,,,,,,,39.0,,3,,,1.8
61,OC1=CC=CC=C1C([H])=O,C1(C2)C=CC2C=C1,OC(C=CC=C1)=C1C([C@@]2([H])C[C@H]3C[C@@H]2C=C3)=O,[H][C@@]1(C(C2=C(O)C=CC=C2)=O)C[C@H]3C[C@@H]1C=C3,CC(CC(C)=O)=O.C=C.C=C.[Rh],CN(C)P1OC2=[C@]([C@]3=C4C=CC=CC4=CC=C3O1)C5=CC=CC=C5C=C2,ClCCCl,,,,,10.1002_adsc.200600583,,1.0,10.1002_adsc.200600583,2.0,20,,80,,,,,,,,,2:98,,S,,,,,0.87,2,0.0,,,Rh,,,0.2,,,True,,62,,0.0,,R,,P,,,,,,,,,,1.0,0.35,3,,,1.2
62,OC1=CC=CC=C1C([H])=O,C1(C2)C=CC2C=C1,OC(C=CC=C1)=C1C([C@@]2([H])C[C@H]3C[C@@H]2C=C3)=O,[H][C@@]1(C(C2=C(O)C=CC=C2)=O)C[C@H]3C[C@@H]1C=C3,O=C(CC(C(C)(C)C)=O)C(C)(C)C.[Rh].C1C/C=C\CC/C=C\1,CN(C)P1OC2=[C@]([C@]3=C4C=CC=CC4=CC=C3O1)C5=CC=CC=C5C=C2,ClCCCl,,,,,10.1002_adsc.200600583,,1.0,10.1002_adsc.200600583,2.0,20,,80,,,,,,,,,2:98,,S,,,,,0.99,2,0.0,,,Rh,,,0.2,,,True,,63,,0.0,,R,,P,,,,,,,,,,1.5,0.47,3,,,1.2
63,OC1=CC=CC=C1C([H])=O,C1(C2)C=CC2C=C1,OC(C=CC=C1)=C1C([C@@]2([H])C[C@H]3C[C@@H]2C=C3)=O,[H][C@@]1(C(C2=C(O)C=CC=C2)=O)C[C@H]3C[C@@H]1C=C3,O=C(CC(C(C)(C)C)=O)C(C)(C)C.[Rh].C1C/C=C\CC/C=C\1,CN(C)P1OC2=[C@]([C@]3=C4C=CC=CC4=CC=C3O1)C5=CC=CC=C5C=C2,ClCCCl,,,,,10.1002_adsc.200600583,,1.0,10.1002_adsc.200600583,2.0,20,,25,,,,,,,,,2:98,,S,,,,,0.56,2,0.0,,,Rh,,,0.2,,,True,,64,,0.0,,R,,P,,,,,,,,,,67.0,0.48,3,,,1.2
64,OC1=CC=CC=C1C([H])=O,C1(C2)C=CC2C=C1,OC(C=CC=C1)=C1C([C@@]2([H])C[C@H]3C[C@@H]2C=C3)=O,[H][C@@]1(C(C2=C(O)C=CC=C2)=O)C[C@H]3C[C@@H]1C=C3,O=C(CC(C1=CC=CC=C1)=O)C2=CC=CC=C2.[Rh].C3C/C=C\CC/C=C\3,CN(C)P1OC2=[C@]([C@]3=C4C=CC=CC4=CC=C3O1)C5=CC=CC=C5C=C2,ClCCCl,,,,,10.1002_adsc.200600583,,1.0,10.1002_adsc.200600583,2.0,20,,80,,,,,,,,,2:98,,S,,,,,0.99,2,0.0,,,Rh,,,0.2,,,True,,65,,0.0,,R,,P,,,,,,,,,,1.5,0.43,3,,,1.2
65,OC1=CC=CC=C1C([H])=O,C1(C2)C=CC2C=C1,OC(C=CC=C1)=C1C([C@@]2([H])C[C@H]3C[C@@H]2C=C3)=O,[H][C@@]1(C(C2=C(O)C=CC=C2)=O)C[C@H]3C[C@@H]1C=C3,O=C(C(F)(F)F)C(F)(F)F.[Rh].C1C/C=C\CC/C=C\1,CN(C)P1OC2=[C@]([C@]3=C4C=CC=CC4=CC=C3O1)C5=CC=CC=C5C=C2,ClCCCl,,,,,10.1002_adsc.200600583,,1.0,10.1002_adsc.200600583,2.0,20,,25,,,,,,,,,7:93,,S,,,,,0.54,2,0.0,,,Rh,,,0.2,,,True,,66,,0.0,,R,,P,,,,,,,,,,22.0,0.29,3,,,1.2
66,OC1=CC=CC=C1C([H])=O,C1(C2)C=CC2C=C1,OC(C=CC=C1)=C1C([C@@]2([H])C[C@H]3C[C@@H]2C=C3)=O,[H][C@@]1(C(C2=C(O)C=CC=C2)=O)C[C@H]3C[C@@H]1C=C3,CC(CC(C)=O)=O.C=C.C=C.[Rh],C[C@@H](P(C1CCCCC1)C2CCCCC2)C3=C(P(C4=CC=CC=C4)C5=CC=CC=C5)[C@H]([Fe]C6C=CC=C6)C=C3,ClCCCl,,,,,10.1002_adsc.200600583,,2.0,10.1002_adsc.200600583,1.1,20,,80,,,,,,,,,58:42,,S,,,,,0.22,2,0.0,,,Rh,,,0.2,,,True,,67,,0.0,,R,,"P,P",,,,,,,,-0.03,,14.0,0.04,3,,,1.2
67,OC1=CC=CC=C1C([H])=O,C1(C2)C=CC2C=C1,OC(C=CC=C1)=C1C([C@@]2([H])C[C@H]3C[C@@H]2C=C3)=O,[H][C@@]1(C(C2=C(O)C=CC=C2)=O)C[C@H]3C[C@@H]1C=C3,CC(CC(C)=O)=O.C=C.C=C.[Rh],C[C@@H](P(C(C)(C)C)C(C)(C)C)C1=C(P(C2=CC=CC=C2)C3=CC=CC=C3)[C@H]([Fe]C4C=CC=C4)C=C1,ClCCCl,,,,,10.1002_adsc.200600583,,2.0,10.1002_adsc.200600583,1.1,20,,80,,,,,,,,,60:40,,S,,,,,0.23,2,0.0,,,Rh,,,0.2,,,True,,68,,0.0,,R,,"P,P",,,,,,,,,,14.0,0.04,3,,,1.2
68,OC1=CC=CC=C1C([H])=O,C1(C2)C=CC2C=C1,OC(C=CC=C1)=C1C([C@@]2([H])C[C@H]3C[C@@H]2C=C3)=O,[H][C@@]1(C(C2=C(O)C=CC=C2)=O)C[C@H]3C[C@@H]1C=C3,CC(CC(C)=O)=O.C=C.C=C.[Rh],C[C@@H](P(C1CCCCC1)C2CCCCC2)C3=C(P(C4CCCCC4)C5CCCCC5)[C@H]([Fe]C6C=CC=C6)C=C3,ClCCCl,,,,,10.1002_adsc.200600583,,2.0,10.1002_adsc.200600583,1.1,20,,80,,,,,,,,,56:44,,S,,,,,0.25,2,0.0,,,Rh,,,0.2,,,True,,69,,0.0,,R,,"P,P",,,,,,,,,,60.0,0.04,3,,,1.2
69,OC1=CC=CC=C1C([H])=O,C1(C2)C=CC2C=C1,OC(C=CC=C1)=C1C([C@@]2([H])C[C@H]3C[C@@H]2C=C3)=O,[H][C@@]1(C(C2=C(O)C=CC=C2)=O)C[C@H]3C[C@@H]1C=C3,CC(CC(C)=O)=O.C=C.C=C.[Rh],C[C@@H](P(C1=CC(C)=CC(C)=C1)C2=CC(C)=CC(C)=C2)C3=C(P(C4=CC=CC=C4)C5=CC=CC=C5)[C@H]([Fe]C6C=CC=C6)C=C3,ClCCCl,,,,,10.1002_adsc.200600583,,2.0,10.1002_adsc.200600583,1.1,20,,80,,,,,,,,,59:41,,S,,,,,0.29,2,0.0,,,Rh,,,0.2,,,True,,70,,0.0,,R,,"P,P",,,,,,,,,,60.0,0.0,3,,,1.2
70,OC1=CC=CC=C1C([H])=O,C1(C2)C=CC2C=C1,OC(C=CC=C1)=C1C([C@@]2([H])C[C@H]3C[C@@H]2C=C3)=O,[H][C@@]1(C(C2=C(O)C=CC=C2)=O)C[C@H]3C[C@@H]1C=C3,CC(CC(C)=O)=O.C=C.C=C.[Rh],CN(CCC1)C2=C1[C@]([C@]3=C(OCCN4C)C4=CC=C3P(C5=CC=CC=C5)C6=CC=CC=C6)=C(P(C7=CC=CC=C7)C8=CC=CC=C8)C=C2,ClCCCl,,,,,10.1002_adsc.200600583,,2.0,10.1002_adsc.200600583,1.1,20,,80,,,,,,,,,66:34,,S,,,,,0.93,2,0.0,,,Rh,,,0.2,,,True,,71,,0.0,,R,,"P,P",,,,,,,,,,116.0,0.08,3,,,1.2
71,OC1=CC=CC=C1C([H])=O,C1(C2)C=CC2C=C1,OC(C=CC=C1)=C1C([C@@]2([H])C[C@H]3C[C@@H]2C=C3)=O,[H][C@@]1(C(C2=C(O)C=CC=C2)=O)C[C@H]3C[C@@H]1C=C3,CC(CC(C)=O)=O.C=C.C=C.[Rh],C[C@@H](P(C1=CC(C(F)(F)F)=CC(C(F)(F)F)=C1)C2=CC(C(F)(F)F)=CC(C(F)(F)F)=C2)C3=C(C4=CC=CC=C4P(C5=CC=CC=C5)C6=CC=CC=C6)[C@H]([Fe]C7C=CC=C7)C=C3,ClCCCl,,,,,10.1002_adsc.200600583,,2.0,10.1002_adsc.200600583,1.1,20,,80,,,,,,,,,98:2,,S,,,,,0.9,2,0.0,,,Rh,,,0.2,,,True,,72,,0.0,,R,,"P,P",,,,,,,,0.46,,22.0,,3,,,1.2
72,OC1=CC=CC=C1C([H])=O,C1(C2)C=CC2C=C1,OC(C=CC=C1)=C1C([C@@]2([H])C[C@H]3C[C@@H]2C=C3)=O,[H][C@@]1(C(C2=C(O)C=CC=C2)=O)C[C@H]3C[C@@H]1C=C3,CC(CC(C)=O)=O.C=C.C=C.[Rh],C[C@@H](P(C1=CC=CC=C1)C2=CC=CC=C2)C3=C(C4=CC=CC=C4P(C5=CC=CC=C5)C6=CC=CC=C6)[C@H]([Fe]C7C=CC=C7)C=C3,ClCCCl,,,,,10.1002_adsc.200600583,,2.0,10.1002_adsc.200600583,1.1,20,,80,,,,,,,,,94:6,,S,,,,,0.77,2,0.0,,,Rh,,,0.2,,,True,,73,,0.0,,R,,"P,P",,,,,,,,0.52,,21.0,0.25,3,,,1.2
73,OC1=CC=CC=C1C([H])=O,C1(C2)C=CC2C=C1,OC(C=CC=C1)=C1C([C@@]2([H])C[C@H]3C[C@@H]2C=C3)=O,[H][C@@]1(C(C2=C(O)C=CC=C2)=O)C[C@H]3C[C@@H]1C=C3,CC(CC(C)=O)=O.C=C.C=C.[Rh],C[C@@H](P(C1CCCCC1)C2CCCCC2)C3=C(C4=CC=CC=C4P(C5=CC=CC=C5)C6=CC=CC=C6)[C@H]([Fe]C7C=CC=C7)C=C3,ClCCCl,,,,,10.1002_adsc.200600583,,2.0,10.1002_adsc.200600583,1.1,20,,80,,,,,,,,,72:28,,S,,,,,0.26,2,0.0,,,Rh,,,0.2,,,True,,74,,0.0,,R,,"P,P",,,,,,,,0.33,,21.0,-0.03,3,,,1.2
74,OC1=CC=CC=C1C([H])=O,C1(C2)C=CC2C=C1,OC(C=CC=C1)=C1C([C@@]2([H])C[C@H]3C[C@@H]2C=C3)=O,[H][C@@]1(C(C2=C(O)C=CC=C2)=O)C[C@H]3C[C@@H]1C=C3,CC(CC(C)=O)=O.C=C.C=C.[Rh],C[C@@H](P(C1CCCCC1)C2CCCCC2)C3=C(C4=CC=CC=C4P(C5=CC=CC=C5)C6=CC=CC=C6)[C@H]([Fe]C7C=CC=C7)C=C3,ClCCCl,,,,,10.1002_adsc.200600583,,2.0,10.1002_adsc.200600583,1.1,20,,80,,,,,,,,,98:2,,S,,,,,0.99,2,0.0,,,Rh,,,0.2,,,True,,75,,0.0,,R,,"P,P",,,,,,,,0.35,,1.0,,3,,,1.2
75,OC1=CC=CC=C1C([H])=O,C1(C2)C=CC2C=C1,OC(C=CC=C1)=C1C([C@@]2([H])C[C@H]3C[C@@H]2C=C3)=O,[H][C@@]1(C(C2=C(O)C=CC=C2)=O)C[C@H]3C[C@@H]1C=C3,CC(CC(C)=O)=O.C=C.C=C.[Rh],C[C@@H](P(C1=CC(C(F)(F)F)=CC(C(F)(F)F)=C1)C2=CC(C(F)(F)F)=CC(C(F)(F)F)=C2)C3=C(C4=CC=CC=C4P(C5=CC(C)=C(OC)C(C)=C5)C6=CC(C)=C(OC)C(C)=C6)[C@H]([Fe]C7C=CC=C7)C=C3,ClCCCl,,,,,10.1002_adsc.200600583,,2.0,10.1002_adsc.200600583,1.1,20,,25,,,,,,,,,88:12,,S,,,,,0.25,2,0.0,,,Rh,,,0.2,,,True,,76,,0.0,,R,,"P,P",,,,,,,,0.32,,66.0,,3,,,1.2
76,OC1=CC=CC=C1C([H])=O,C1(C2)C=CC2C=C1,OC(C=CC=C1)=C1C([C@@]2([H])C[C@H]3C[C@@H]2C=C3)=O,[H][C@@]1(C(C2=C(O)C=CC=C2)=O)C[C@H]3C[C@@H]1C=C3,CC(CC(C)=O)=O.C=C.C=C.[Rh],C[C@@H](P(C1=CC(C)=CC(C)=C1)C2=CC(C)=CC(C)=C2)C3=C(C4=CC=CC=C4P(C5=CC=CC=C5)C6=CC=CC=C6)[C@H]([Fe]C7C=CC=C7)C=C3,ClCCCl,,,,,10.1002_adsc.200600583,,2.0,10.1002_adsc.200600583,1.1,20,,80,,,,,,,,,94:6,,S,,,,,0.67,2,0.0,,,Rh,,,0.2,,,True,,77,,0.0,,R,,"P,P",,,,,,,,0.63,,19.0,0.22,3,,,1.2
77,OC1=CC=CC=C1C([H])=O,C1(C2)C=CC2C=C1,OC(C=CC=C1)=C1C([C@@]2([H])C[C@H]3C[C@@H]2C=C3)=O,[H][C@@]1(C(C2=C(O)C=CC=C2)=O)C[C@H]3C[C@@H]1C=C3,CC(CC(C)=O)=O.C=C.C=C.[Rh],C[C@@H](P(C1=CC(C(F)(F)F)=CC(C(F)(F)F)=C1)C2=CC(C(F)(F)F)=CC(C(F)(F)F)=C2)C3=C(C4=CC=CC=C4P(C5CCCCC5)C6CCCCC6)[C@H]([Fe]C7C=CC=C7)C=C3,ClCCCl,,,,,10.1002_adsc.200600583,,2.0,10.1002_adsc.200600583,1.1,20,,80,,,,,,,,,70:30,,S,,,,,0.35,2,0.0,,,Rh,,,0.2,,,True,,78,,0.0,,R,,"P,P",,,,,,,,-0.2,,43.0,0.08,3,,,1.2
78,OC1=CC=CC=C1C([H])=O,C1(C2)C=CC2C=C1,OC(C=CC=C1)=C1C([C@@]2([H])C[C@H]3C[C@@H]2C=C3)=O,[H][C@@]1(C(C2=C(O)C=CC=C2)=O)C[C@H]3C[C@@H]1C=C3,CC(CC(C)=O)=O.C=C.C=C.[Rh],C[C@@H](P(C1=CC(C)=CC(C)=C1)C2=CC(C)=CC(C)=C2)C3=C(C4=CC=CC=C4P(C5=CC(C)=CC(C)=C5)C6=CC(C)=CC(C)=C6)[C@H]([Fe]C7C=CC=C7)C=C3,ClCCCl,,,,,10.1002_adsc.200600583,,2.0,10.1002_adsc.200600583,1.1,20,,80,,,,,,,,,87:13,,S,,,,,0.7,2,0.0,,,Rh,,,0.2,,,True,,79,,0.0,,R,,"P,P",,,,,,,,0.43,,43.0,0.11,3,,,1.2
79,OC1=CC=CC=C1C([H])=O,C1(C2)C=CC2C=C1,OC(C=CC=C1)=C1C([C@@]2([H])C[C@H]3C[C@@H]2C=C3)=O,[H][C@@]1(C(C2=C(O)C=CC=C2)=O)C[C@H]3C[C@@H]1C=C3,CC(CC(C)=O)=O.C=C.C=C.[Rh],CN([C@H](C1=CC=CC=C1)C2=C(P(C3=CC=CC=C3)C4=CC=CC=C4)[C@H]([Fe]C5C=C(P(C6=CC=CC=C6)C7=CC=CC=C7)C([C@H](N(C)C)C8=CC=CC=C8)=C5)C=C2)C,ClCCCl,,,,,10.1002_adsc.200600583,,2.0,10.1002_adsc.200600583,1.1,20,,80,,,,,,,,,87:13,,S,,,,,0.33,2,0.0,,,Rh,,,0.2,,,True,,80,,0.0,,R,,"P,P",,,,,,,,-0.18,,43.0,0.09,3,,,1.2
80,OC1=CC=CC=C1C([H])=O,C1(C2)C=CC2C=C1,OC(C=CC=C1)=C1C([C@@]2([H])C[C@H]3C[C@@H]2C=C3)=O,[H][C@@]1(C(C2=C(O)C=CC=C2)=O)C[C@H]3C[C@@H]1C=C3,CC(CC(C)=O)=O.C=C.C=C.[Rh],CN([C@H](C1=CC=CC=C1)C2=C(P(C3CCCCC3)C4CCCCC4)[C@H]([Fe]C5C=C(P(C6CCCCC6)C7CCCCC7)C([C@H](N(C)C)C8=CC=CC=C8)=C5)C=C2)C,ClCCCl,,,,,10.1002_adsc.200600583,,2.0,10.1002_adsc.200600583,1.1,20,,80,,,,,,,,,72:28,,S,,,,,0.23,2,0.0,,,Rh,,,0.2,,,True,,81,,0.0,,R,,"P,P",,,,,,,,-0.24,,48.0,0.04,3,,,1.2
81,OC1=CC=CC=C1C([H])=O,C1(C2)C=CC2C=C1,OC(C=CC=C1)=C1C([C@@]2([H])C[C@H]3C[C@@H]2C=C3)=O,[H][C@@]1(C(C2=C(O)C=CC=C2)=O)C[C@H]3C[C@@H]1C=C3,CC(CC(C)=O)=O.C=C.C=C.[Rh],C[C@@H]([C@@H](O)[C@H](O)[C@@H]1C)[PH+]1C2=CC=CC=C2[PH+]3[C@@H](C)[C@@H](O)[C@H](O)[C@@H]3C.O=S(C(F)(F)F)([O-])=O.O=S(C(F)(F)F)([O-])=O,ClCCCl,,[O-]P([O-])([O-])=O.[K+].[K+].[K+].[K+].[K+].[K+],,,10.1002_adsc.200600583,,2.0,10.1002_adsc.200600583,1.1,20,,80,,,,,,,,,57:43,0.04,S,,,,,0.23,2,0.0,,,Rh,,,0.2,,,True,,82,,0.0,,R,,"P,P",,,,,,,,0.0,,24.0,0.0,3,,,1.2
82,OC1=CC=CC=C1C([H])=O,C1(C2)C=CC2C=C1,OC(C=CC=C1)=C1C([C@@]2([H])C[C@H]3C[C@@H]2C=C3)=O,[H][C@@]1(C(C2=C(O)C=CC=C2)=O)C[C@H]3C[C@@H]1C=C3,CC(CC(C)=O)=O.C=C.C=C.[Rh],CN([C@H](C1=CC=CC=C1P(C2=CC=CC=C2)C3=CC=CC=C3)C4=C(P(C5=CC=CC=C5)C6=CC=CC=C6)[C@H]([Fe]C7C=CC=C7)C=C4)C,ClCCCl,,,,,10.1002_adsc.200600583,,2.0,10.1002_adsc.200600583,1.1,20,,80,,,,,,,,,98:2,,S,,,,,0.55,2,0.0,,,Rh,,,0.2,,,True,,83,,0.0,,R,,"P,P",,,,,,,,-0.27,,92.0,,3,,,1.2
83,OC1=CC=CC=C1C([H])=O,C1(C2)C=CC2C=C1,OC(C=CC=C1)=C1C([C@@]2([H])C[C@H]3C[C@@H]2C=C3)=O,[H][C@@]1(C(C2=C(O)C=CC=C2)=O)C[C@H]3C[C@@H]1C=C3,CC(CC(C)=O)=O.C=C.C=C.[Rh],CN([C@H](C1=CC=CC=C1P(C2CCCCC2)C3CCCCC3)C4=C(P(C5CCCCC5)C6CCCCC6)[C@H]([Fe]C7C=CC=C7)C=C4)C,ClCCCl,,,,,10.1002_adsc.200600583,,2.0,10.1002_adsc.200600583,1.1,20,,80,,,,,,,,,84:16,,S,,,,,0.76,2,0.0,,,Rh,,,0.2,,,True,,84,,0.0,,R,,"P,P",,,,,,,,-0.62,,13.0,0.09,3,,,1.2
84,OC1=CC=CC=C1C([H])=O,C1(C2)C=CC2C=C1,OC(C=CC=C1)=C1C([C@@]2([H])C[C@H]3C[C@@H]2C=C3)=O,[H][C@@]1(C(C2=C(O)C=CC=C2)=O)C[C@H]3C[C@@H]1C=C3,CC(CC(C)=O)=O.C=C.C=C.[Rh],CC1=CC(P(C2=CC(C)=C(OC)C(C)=C2)C3=C([C@H](N(C)C)C4=CC=CC=C4P(C5=CC(C)=C(OC)C(C)=C5)C6=CC(C)=C(OC)C(C)=C6)C=C[C@H]3[Fe]C7C=CC=C7)=CC(C)=C1OC,ClCCCl,,,,,10.1002_adsc.200600583,,2.0,10.1002_adsc.200600583,1.1,20,,80,,,,,,,,,98:2,,S,,,,,0.99,2,0.0,,,Rh,,,0.2,,,True,,85,,0.0,,R,,"P,P",,,,,,,,-0.48,,18.0,,3,,,1.2
85,OC1=CC=CC=C1C([H])=O,C1(C2)C=CC2C=C1,OC(C=CC=C1)=C1C([C@@]2([H])C[C@H]3C[C@@H]2C=C3)=O,[H][C@@]1(C(C2=C(O)C=CC=C2)=O)C[C@H]3C[C@@H]1C=C3,CC(CC(C)=O)=O.C=C.C=C.[Rh],O[C@@H](C1=CC=CC=C1P(C2=CC=CC=C2)C3=CC=CC=C3)C4=C(P(C5=CC=CC=C5)C6=CC=CC=C6)[C@H]([Fe]C7C=CC=C7)C=C4,ClCCCl,,,,,10.1002_adsc.200600583,,2.0,10.1002_adsc.200600583,1.1,20,,80,,,,,,,,,78:22,,S,,,,,0.99,2,0.0,,,Rh,,,0.2,,,True,,86,,0.0,,R,,"P,P",,,,,,,,-0.46,,18.0,0.19,3,,,1.2
86,OC1=C(Cl)C=C(Cl)C=C1C([H])=O,C1(C2)C=CC2C=C1,OC(C(Cl)=CC(Cl)=C1)=C1C([C@@]2([H])C[C@H]3C[C@@H]2C=C3)=O,[H][C@@]1(C(C2=CC(Cl)=CC(Cl)=C2O)=O)C[C@@H]3C=C[C@H]1C3,CC(CC(C)=O)=O.C=C.C=C.[Rh],C[C@@H](P(C1=CC(C)=CC(C)=C1)C2=CC(C)=CC(C)=C2)C3=C(C4=CC=CC=C4P(C5=CC=CC=C5)C6=CC=CC=C6)[C@H]([Fe]C7C=CC=C7)C=C3,ClCCCl,,,,,10.1002_adsc.200600583,,2.0,10.1002_adsc.200600583,1.1,20,,80,,,,,,,,,59:41,,S,,,,,0.78,2,0.0,,,Rh,,,0.3,,,True,,87,,0.0,,R,,"P,P",,,,,,,,0.0,,5.0,0.0,3,,,1.8
87,OC1=C(Cl)C=C(Cl)C=C1C([H])=O,C1(C2)C=CC2C=C1,OC(C(Cl)=CC(Cl)=C1)=C1C([C@@]2([H])C[C@H]3C[C@@H]2C=C3)=O,[H][C@@]1(C(C2=CC(Cl)=CC(Cl)=C2O)=O)C[C@@H]3C=C[C@H]1C3,CC(CC(C)=O)=O.C=C.C=C.[Rh],CN([C@H](C1=CC=CC=C1P(C2CCCCC2)C3CCCCC3)C4=C(P(C5CCCCC5)C6CCCCC6)[C@H]([Fe]C7C=CC=C7)C=C4)C,ClCCCl,,,,,10.1002_adsc.200600583,,2.0,10.1002_adsc.200600583,1.1,20,,80,,,,,,,,,59:41,,S,,,,,0.92,2,0.0,,,Rh,,,0.3,,,True,,88,,0.0,,R,,"P,P",,,,,,,,0.0,,0.7,0.0,3,,,1.8
88,OC1=C(Cl)C=C(Cl)C=C1C([H])=O,C1(C2)C=CC2C=C1,OC(C(Cl)=CC(Cl)=C1)=C1C([C@@]2([H])C[C@H]3C[C@@H]2C=C3)=O,[H][C@@]1(C(C2=CC(Cl)=CC(Cl)=C2O)=O)C[C@@H]3C=C[C@H]1C3,CC(CC(C)=O)=O.C=C.C=C.[Rh],C[C@@H](P(C1=CC(C(F)(F)F)=CC(C(F)(F)F)=C1)C2=CC(C(F)(F)F)=CC(C(F)(F)F)=C2)C3=C(C4=CC=CC=C4P(C5=CC(C)=C(OC)C(C)=C5)C6=CC(C)=C(OC)C(C)=C6)[C@H]([Fe]C7C=CC=C7)C=C3,ClCCCl,,,,,10.1002_adsc.200600583,,2.0,10.1002_adsc.200600583,1.1,20,,80,,,,,,,,,96:4,,S,,,,,0.94,2,0.0,,,Rh,,,0.3,,,True,,89,,0.0,,R,,"P,P",,,,,,,,0.8,,0.5,-0.09,3,,,1.8
89,OC1=CC=C([N+]([O-])=O)C=C1C([H])=O,C1(C2)C=CC2C=C1,OC(C=CC([N+]([O-])=O)=C1)=C1C([C@@]2([H])C[C@H]3C[C@@H]2C=C3)=O,[H][C@@]1(C(C2=CC([N+]([O-])=O)=CC=C2O)=O)C[C@@H]3C=C[C@H]1C3,CC(CC(C)=O)=O.C=C.C=C.[Rh],CN([C@H](C1=CC=CC=C1P(C2CCCCC2)C3CCCCC3)C4=C(P(C5CCCCC5)C6CCCCC6)[C@H]([Fe]C7C=CC=C7)C=C4)C,ClCCCl,,,,,10.1002_adsc.200600583,,2.0,10.1002_adsc.200600583,1.1,20,,80,,,,,,,,,50:50,,S,,,,,0.62,2,0.0,,,Rh,,,0.3,,,True,,90,,0.0,,R,,"P,P",,,,,,,,-0.11,,1.5,0.07,3,,,1.8
90,OC1=CC=C([N+]([O-])=O)C=C1C([H])=O,C1(C2)C=CC2C=C1,OC(C=CC([N+]([O-])=O)=C1)=C1C([C@@]2([H])C[C@H]3C[C@@H]2C=C3)=O,[H][C@@]1(C(C2=CC([N+]([O-])=O)=CC=C2O)=O)C[C@@H]3C=C[C@H]1C3,CC(CC(C)=O)=O.C=C.C=C.[Rh],C[C@@H](P(C1=CC(C(F)(F)F)=CC(C(F)(F)F)=C1)C2=CC(C(F)(F)F)=CC(C(F)(F)F)=C2)C3=C(C4=CC=CC=C4P(C5=CC(C)=C(OC)C(C)=C5)C6=CC(C)=C(OC)C(C)=C6)[C@H]([Fe]C7C=CC=C7)C=C3,ClCCCl,,,,,10.1002_adsc.200600583,,2.0,10.1002_adsc.200600583,1.1,20,,80,,,,,,,,,99:1,,S,,,,,0.95,2,0.0,,,Rh,,,0.3,,,True,,91,,0.0,,R,,"P,P",,,,,,,,0.82,,0.5,,3,,,1.8
91,OC1=C(O)C=CC=C1C([H])=O,C1(C2)C=CC2C=C1,OC(C(O)=CC=C1)=C1C([C@@]2([H])C[C@H]3C[C@@H]2C=C3)=O,[H][C@@]1(C(C2=CC=CC(O)=C2O)=O)C[C@@H]3C=C[C@H]1C3,CC(CC(C)=O)=O.C=C.C=C.[Rh],C[C@@H](P(C1=CC(C)=CC(C)=C1)C2=CC(C)=CC(C)=C2)C3=C(C4=CC=CC=C4P(C5=CC=CC=C5)C6=CC=CC=C6)[C@H]([Fe]C7C=CC=C7)C=C3,ClCCCl,,,,,10.1002_adsc.200600583,,2.0,10.1002_adsc.200600583,1.1,20,,80,,,,,,,,,66:33,,S,,,,,0.29,2,0.0,,,Rh,,,0.3,,,True,,92,,0.0,,R,,"P,P",,,,,,,,0.17,,41.0,,3,,,1.8
92,OC1=C(O)C=CC=C1C([H])=O,C1(C2)C=CC2C=C1,OC(C(O)=CC=C1)=C1C([C@@]2([H])C[C@H]3C[C@@H]2C=C3)=O,[H][C@@]1(C(C2=CC=CC(O)=C2O)=O)C[C@@H]3C=C[C@H]1C3,CC(CC(C)=O)=O.C=C.C=C.[Rh],C[C@@H](P(C1=CC(C(F)(F)F)=CC(C(F)(F)F)=C1)C2=CC(C(F)(F)F)=CC(C(F)(F)F)=C2)C3=C(C4=CC=CC=C4P(C5=CC(C)=C(OC)C(C)=C5)C6=CC(C)=C(OC)C(C)=C6)[C@H]([Fe]C7C=CC=C7)C=C3,ClCCCl,,,,,10.1002_adsc.200600583,,2.0,10.1002_adsc.200600583,1.1,20,,80,,,,,,,,,99:1,,S,,,,,0.99,2,0.0,,,Rh,,,0.3,,,True,,93,,0.0,,R,,"P,P",,,,,,,,0.55,,1.0,,3,,,1.8
