Unnamed: 0,Reactant SMILES,Reactant SMILES_2,Product SMILES,Product SMILES_2,Catalyst SMILES,Ligand SMILES,Solvent SMILES,Solvent SMILES_2,Additive SMILES,Additive SMILES_2,Additive SMILES_s2,Yield 2,Product 2 R or S,Ammount of additive 2,L/M 1,Yield 1,Ammount of reactant 1(mmol),Pressure/atm,Valence of Central Metal 1,ee 1,Pre catalyst 1(True or False),Central Metal of Catalyst 1,Reactant Name 2,"Other information(use ""-"" to split, eg. 'property1-property2')",Ligand 1 Type,Reaction ID,Additive 2,Type of Coordination Atoms,Additive 1 step 2,Product Name 2,Reaction Temperature/C,pdf name (don't include '.pdf'),Number of Coordination Atoms,Solvent 1 ammount(mL),dr 1,S/C 1,Reaction Time/h,Solvent 2,Ammount of additive 1,ee 2,Ammount of reactant 2(mmol),Product 1 R or S,Ammount of Molecular Sieve(mg),Charge of Ligand 1,Reaction Type,Ref.(DOI),Solvent Ratio,"Molecular Sieve(3A, 4A, 5A)"
0,COC(=O)C(OC(C)C#Cc1ccccc1)C(=O)OC,,COC(=O)C(O[C@@H](C)C#Cc1ccccc1)C(=O)OC,CC=C=C(c1ccccc1)C(O)(C(=O)OC)C(=O)OC,O=S(=O)([O-])C(F)(F)F.O=S(=O)([O-])C(F)(F)F.O=S(=O)([O-])C(F)(F)F.[Sc+3],O=C(NC(c1ccccc1)c1ccccc1)[C@@H]1CCCC[N@@+]1([O-])CCC[N@+]1([O-])CCCC[C@H]1C(=O)NC(c1ccccc1)c1ccccc1,CCOC(C)=O,,CCN(CC)CC,,,NR,R,,1,,0.1,1,3.0,,True,Sc,,,,1,,"O,O,O,O",,"dimethyl (R)-2-hydroxy-2-(1-phenylbuta-1,2-dien-1-yl)malonate",50,"Org. Lett. 2020, 22, 2692",4.0,1.0,,10,48,,1.2,,,S,,0.0,2,10.1021/acs.orglett.0c00649,,
1,COC(=O)C(OC(C)C#Cc1ccccc1)C(=O)OC,,COC(=O)C(O[C@@H](C)C#Cc1ccccc1)C(=O)OC,CC=C=C(c1ccccc1)C(O)(C(=O)OC)C(=O)OC,O=S(=O)([O-])C(F)(F)F.O=S(=O)([O-])C(F)(F)F.[Ni+2],O=C(NC(c1ccccc1)c1ccccc1)[C@@H]1CCCC[N@@+]1([O-])CCC[N@+]1([O-])CCCC[C@H]1C(=O)NC(c1ccccc1)c1ccccc1,CCOC(C)=O,,CCN(CC)CC,,,0.29,R,,1,0.14,0.1,1,2.0,,True,Ni,,,,2,,"O,O,O,O",,"dimethyl (R)-2-hydroxy-2-(1-phenylbuta-1,2-dien-1-yl)malonate",50,"Org. Lett. 2020, 22, 2692",4.0,1.0,,10,48,,1.2,0.92,,S,,0.0,2,10.1021/acs.orglett.0c00649,,
2,COC(=O)C(OC(C)C#Cc1ccccc1)C(=O)OC,,COC(=O)C(O[C@@H](C)C#Cc1ccccc1)C(=O)OC,CC=C=C(c1ccccc1)C(O)(C(=O)OC)C(=O)OC,O=S(=O)([O-])C(F)(F)F.O=S(=O)([O-])C(F)(F)F.[Cu+2],O=C(NC(c1ccccc1)c1ccccc1)[C@@H]1CCCC[N@@+]1([O-])CCC[N@+]1([O-])CCCC[C@H]1C(=O)NC(c1ccccc1)c1ccccc1,CCOC(C)=O,,CCN(CC)CC,,,NR,R,,1,,0.1,1,2.0,,True,Cu,,,,3,,"O,O,O,O",,"dimethyl (R)-2-hydroxy-2-(1-phenylbuta-1,2-dien-1-yl)malonate",50,"Org. Lett. 2020, 22, 2692",4.0,1.0,,10,48,,1.2,,,S,,0.0,2,10.1021/acs.orglett.0c00649,,
3,COC(=O)C(OC(C)C#Cc1ccccc1)C(=O)OC,,COC(=O)C(O[C@@H](C)C#Cc1ccccc1)C(=O)OC,CC=C=C(c1ccccc1)C(O)(C(=O)OC)C(=O)OC,O=S(=O)([O-])C(F)(F)F.O=S(=O)([O-])C(F)(F)F.[Zn+2],O=C(NC(c1ccccc1)c1ccccc1)[C@@H]1CCCC[N@@+]1([O-])CCC[N@+]1([O-])CCCC[C@H]1C(=O)NC(c1ccccc1)c1ccccc1,CCOC(C)=O,,CCN(CC)CC,,,NR,R,,1,,0.1,1,2.0,,True,Zn,,,,4,,"O,O,O,O",,"dimethyl (R)-2-hydroxy-2-(1-phenylbuta-1,2-dien-1-yl)malonate",50,"Org. Lett. 2020, 22, 2692",4.0,1.0,,10,48,,1.2,,,S,,0.0,2,10.1021/acs.orglett.0c00649,,
4,COC(=O)C(OC(C)C#Cc1ccccc1)C(=O)OC,,COC(=O)C(O[C@@H](C)C#Cc1ccccc1)C(=O)OC,CC=C=C(c1ccccc1)C(O)(C(=O)OC)C(=O)OC,O=S(=O)([O-])C(F)(F)F.O=S(=O)([O-])C(F)(F)F.O=S(=O)([O-])C(F)(F)F.[La+3],O=C(NC(c1ccccc1)c1ccccc1)[C@@H]1CCCC[N@@+]1([O-])CCC[N@+]1([O-])CCCC[C@H]1C(=O)NC(c1ccccc1)c1ccccc1,CCOC(C)=O,,CCN(CC)CC,,,NR,R,,1,,0.1,1,3.0,,True,La,,,,5,,"O,O,O,O",,"dimethyl (R)-2-hydroxy-2-(1-phenylbuta-1,2-dien-1-yl)malonate",50,"Org. Lett. 2020, 22, 2692",4.0,1.0,,10,48,,1.2,,,S,,0.0,2,10.1021/acs.orglett.0c00649,,
5,COC(=O)C(OC(C)C#Cc1ccccc1)C(=O)OC,,COC(=O)C(O[C@@H](C)C#Cc1ccccc1)C(=O)OC,CC=C=C(c1ccccc1)C(O)(C(=O)OC)C(=O)OC,O=S(=O)([O-])C(F)(F)F.O=S(=O)([O-])C(F)(F)F.[Mg+2],O=C(NC(c1ccccc1)c1ccccc1)[C@@H]1CCCC[N@@+]1([O-])CCC[N@+]1([O-])CCCC[C@H]1C(=O)NC(c1ccccc1)c1ccccc1,CCOC(C)=O,,CCN(CC)CC,,,NR,R,,1,,0.1,1,2.0,,True,Mg,,,,6,,"O,O,O,O",,"dimethyl (R)-2-hydroxy-2-(1-phenylbuta-1,2-dien-1-yl)malonate",50,"Org. Lett. 2020, 22, 2692",4.0,1.0,,10,48,,1.2,,,S,,0.0,2,10.1021/acs.orglett.0c00649,,
6,COC(=O)C(OC(C)C#Cc1ccccc1)C(=O)OC,,COC(=O)C(O[C@@H](C)C#Cc1ccccc1)C(=O)OC,CC=C=C(c1ccccc1)C(O)(C(=O)OC)C(=O)OC,O=S(=O)([O-])C(F)(F)F.O=S(=O)([O-])C(F)(F)F.O=S(=O)([O-])C(F)(F)F.[Yb+3],O=C(NC(c1ccccc1)c1ccccc1)[C@@H]1CCCC[N@@+]1([O-])CCC[N@+]1([O-])CCCC[C@H]1C(=O)NC(c1ccccc1)c1ccccc1,CCOC(C)=O,,CCN(CC)CC,,,NR,R,,1,,0.1,1,3.0,,True,Yb,,,,7,,"O,O,O,O",,"dimethyl (R)-2-hydroxy-2-(1-phenylbuta-1,2-dien-1-yl)malonate",50,"Org. Lett. 2020, 22, 2692",4.0,1.0,,10,48,,1.2,,,S,,0.0,2,10.1021/acs.orglett.0c00649,,
7,COC(=O)C(OC(C)C#Cc1ccccc1)C(=O)OC,,COC(=O)C(O[C@@H](C)C#Cc1ccccc1)C(=O)OC,CC=C=C(c1ccccc1)C(O)(C(=O)OC)C(=O)OC,O=S(=O)([O-])C(F)(F)F.O=S(=O)([O-])C(F)(F)F.[Ca+2],O=C(NC(c1ccccc1)c1ccccc1)[C@@H]1CCCC[N@@+]1([O-])CCC[N@+]1([O-])CCCC[C@H]1C(=O)NC(c1ccccc1)c1ccccc1,CCOC(C)=O,,CCN(CC)CC,,,NR,R,,1,,0.1,1,2.0,,True,Ca,,,,8,,"O,O,O,O",,"dimethyl (R)-2-hydroxy-2-(1-phenylbuta-1,2-dien-1-yl)malonate",50,"Org. Lett. 2020, 22, 2692",4.0,1.0,,10,48,,1.2,,,S,,0.0,2,10.1021/acs.orglett.0c00649,,
8,COC(=O)C(OC(C)C#Cc1ccccc1)C(=O)OC,,COC(=O)C(O[C@@H](C)C#Cc1ccccc1)C(=O)OC,CC=C=C(c1ccccc1)C(O)(C(=O)OC)C(=O)OC,O.O.O.O.O.O.[Co+2].[O-][Cl+3]([O-])([O-])[O-].[O-][Cl+3]([O-])([O-])[O-],O=C(NC(c1ccccc1)c1ccccc1)[C@@H]1CCCC[N@@+]1([O-])CCC[N@+]1([O-])CCCC[C@H]1C(=O)NC(c1ccccc1)c1ccccc1,CCOC(C)=O,,CCN(CC)CC,,,trace,R,,1,0.59,0.1,1,2.0,,True,Co,,,,9,,"O,O,O,O",,"dimethyl (R)-2-hydroxy-2-(1-phenylbuta-1,2-dien-1-yl)malonate",50,"Org. Lett. 2020, 22, 2692",4.0,1.0,,10,48,,1.2,0.86,,S,,0.0,2,10.1021/acs.orglett.0c00649,,
9,COC(=O)C(OC(C)C#Cc1ccccc1)C(=O)OC,,COC(=O)C(O[C@@H](C)C#Cc1ccccc1)C(=O)OC,CC=C=C(c1ccccc1)C(O)(C(=O)OC)C(=O)OC,O.O.O.O.O.O.[Ni+2].[O-][Cl+3]([O-])([O-])[O-].[O-][Cl+3]([O-])([O-])[O-],O=C(NC(c1ccccc1)c1ccccc1)[C@@H]1CCCC[N@@+]1([O-])CCC[N@+]1([O-])CCCC[C@H]1C(=O)NC(c1ccccc1)c1ccccc1,CCOC(C)=O,,CCN(CC)CC,,,0.25,R,,1,0.19,0.1,1,2.0,,True,Ni,,,,10,,"O,O,O,O",,"dimethyl (R)-2-hydroxy-2-(1-phenylbuta-1,2-dien-1-yl)malonate",50,"Org. Lett. 2020, 22, 2692",4.0,1.0,,10,48,,1.2,0.93,,S,,0.0,2,10.1021/acs.orglett.0c00649,,
10,COC(=O)C(OC(C)C#Cc1ccccc1)C(=O)OC,,COC(=O)C(O[C@@H](C)C#Cc1ccccc1)C(=O)OC,CC=C=C(c1ccccc1)C(O)(C(=O)OC)C(=O)OC,F[B-](F)(F)F.F[B-](F)(F)F.O.O.O.O.O.O.[Ni+2],O=C(NC(c1ccccc1)c1ccccc1)[C@@H]1CCCC[N@@+]1([O-])CCC[N@+]1([O-])CCCC[C@H]1C(=O)NC(c1ccccc1)c1ccccc1,CCOC(C)=O,,CCN(CC)CC,,,0.3,R,,1,0.16,0.1,1,2.0,,True,Ni,,,,11,,"O,O,O,O",,"dimethyl (R)-2-hydroxy-2-(1-phenylbuta-1,2-dien-1-yl)malonate",50,"Org. Lett. 2020, 22, 2692",4.0,1.0,,10,48,,1.2,0.91,,S,,0.0,2,10.1021/acs.orglett.0c00649,,
11,COC(=O)C(OC(C)C#Cc1ccccc1)C(=O)OC,,COC(=O)C(O[C@@H](C)C#Cc1ccccc1)C(=O)OC,CC=C=C(c1ccccc1)C(O)(C(=O)OC)C(=O)OC,CC(=O)/C=C(\C)[O-].CC(=O)/C=C(\C)[O-].[Ni+2],O=C(NC(c1ccccc1)c1ccccc1)[C@@H]1CCCC[N@@+]1([O-])CCC[N@+]1([O-])CCCC[C@H]1C(=O)NC(c1ccccc1)c1ccccc1,CCOC(C)=O,,CCN(CC)CC,,,NR,R,,1,,0.1,1,2.0,,True,Ni,,,,12,,"O,O,O,O",,"dimethyl (R)-2-hydroxy-2-(1-phenylbuta-1,2-dien-1-yl)malonate",50,"Org. Lett. 2020, 22, 2692",4.0,1.0,,10,48,,1.2,,,S,,0.0,2,10.1021/acs.orglett.0c00649,,
12,COC(=O)C(OC(C)C#Cc1ccccc1)C(=O)OC,,COC(=O)C(O[C@@H](C)C#Cc1ccccc1)C(=O)OC,CC=C=C(c1ccccc1)C(O)(C(=O)OC)C(=O)OC,[Cl-].[Cl-].[Ni+2],O=C(NC(c1ccccc1)c1ccccc1)[C@@H]1CCCC[N@@+]1([O-])CCC[N@+]1([O-])CCCC[C@H]1C(=O)NC(c1ccccc1)c1ccccc1,CCOC(C)=O,,CCN(CC)CC,,,NR,R,,1,,0.1,1,2.0,,True,Ni,,,,13,,"O,O,O,O",,"dimethyl (R)-2-hydroxy-2-(1-phenylbuta-1,2-dien-1-yl)malonate",50,"Org. Lett. 2020, 22, 2692",4.0,1.0,,10,48,,1.2,,,S,,0.0,2,10.1021/acs.orglett.0c00649,,
13,COC(=O)C(OC(C)C#Cc1ccccc1)C(=O)OC,,COC(=O)C(O[C@@H](C)C#Cc1ccccc1)C(=O)OC,CC=C=C(c1ccccc1)C(O)(C(=O)OC)C(=O)OC,O=S(=O)([N-]S(=O)(=O)C(F)(F)F)C(F)(F)F.O=S(=O)([N-]S(=O)(=O)C(F)(F)F)C(F)(F)F.[Ni+2],O=C(NC(c1ccccc1)c1ccccc1)[C@@H]1CCCC[N@@+]1([O-])CCC[N@+]1([O-])CCCC[C@H]1C(=O)NC(c1ccccc1)c1ccccc1,CCOC(C)=O,,CCN(CC)CC,,,NR,R,,1,0.0,0.1,1,2.0,,True,Ni,,,,14,,"O,O,O,O",,"dimethyl (R)-2-hydroxy-2-(1-phenylbuta-1,2-dien-1-yl)malonate",50,"Org. Lett. 2020, 22, 2692",4.0,1.0,,10,48,,1.2,,,S,,0.0,2,10.1021/acs.orglett.0c00649,,
14,COC(=O)C(OC(C)C#Cc1ccccc1)C(=O)OC,,COC(=O)C(O[C@@H](C)C#Cc1ccccc1)C(=O)OC,CC=C=C(c1ccccc1)C(O)(C(=O)OC)C(=O)OC,CC(=O)[O-].CC(=O)[O-].O.O.O.O.[Ni+2],O=C(NC(c1ccccc1)c1ccccc1)[C@@H]1CCCC[N@@+]1([O-])CCC[N@+]1([O-])CCCC[C@H]1C(=O)NC(c1ccccc1)c1ccccc1,CCOC(C)=O,,CCN(CC)CC,,,NR,R,,1,,0.1,1,2.0,,True,Ni,,,,15,,"O,O,O,O",,"dimethyl (R)-2-hydroxy-2-(1-phenylbuta-1,2-dien-1-yl)malonate",50,"Org. Lett. 2020, 22, 2692",4.0,1.0,,10,48,,1.2,,,S,,0.0,2,10.1021/acs.orglett.0c00649,,
15,COC(=O)C(OC(C)C#Cc1ccccc1)C(=O)OC,,COC(=O)C(O[C@@H](C)C#Cc1ccccc1)C(=O)OC,CC=C=C(c1ccccc1)C(O)(C(=O)OC)C(=O)OC,O=S(=O)([O-])C(F)(F)F.O=S(=O)([O-])C(F)(F)F.[Ni+2],O=C(Nc1ccc(C23CC4CC(CC(C4)C2)C3)cc1)[C@@H]1CCCC[N@@+]1([O-])CCC[N@+]1([O-])CCCC[C@H]1C(=O)Nc1ccc(C23CC4CC(CC(C4)C2)C3)cc1,CCOC(C)=O,,CCN(CC)CC,,,NR,R,,1,,0.1,1,2.0,,True,Ni,,,,16,,"O,O,O,O",,"dimethyl (R)-2-hydroxy-2-(1-phenylbuta-1,2-dien-1-yl)malonate",50,"Org. Lett. 2020, 22, 2692",4.0,1.0,,10,48,,1.2,,,S,,0.0,2,10.1021/acs.orglett.0c00649,,
16,COC(=O)C(OC(C)C#Cc1ccccc1)C(=O)OC,,COC(=O)C(O[C@@H](C)C#Cc1ccccc1)C(=O)OC,CC=C=C(c1ccccc1)C(O)(C(=O)OC)C(=O)OC,O=S(=O)([O-])C(F)(F)F.O=S(=O)([O-])C(F)(F)F.[Ni+2],C[C@H](NC(=O)[C@@H]1CCCC[N@@+]1([O-])CCC[N@+]1([O-])CCCC[C@H]1C(=O)N[C@@H](C)c1ccccc1)c1ccccc1,CCOC(C)=O,,CCN(CC)CC,,,trace,R,,1,,0.1,1,2.0,,True,Ni,,,,17,,"O,O,O,O",,"dimethyl (R)-2-hydroxy-2-(1-phenylbuta-1,2-dien-1-yl)malonate",50,"Org. Lett. 2020, 22, 2692",4.0,1.0,,10,48,,1.2,,,S,,0.0,2,10.1021/acs.orglett.0c00649,,
17,COC(=O)C(OC(C)C#Cc1ccccc1)C(=O)OC,,COC(=O)C(O[C@@H](C)C#Cc1ccccc1)C(=O)OC,CC=C=C(c1ccccc1)C(O)(C(=O)OC)C(=O)OC,O=S(=O)([O-])C(F)(F)F.O=S(=O)([O-])C(F)(F)F.[Ni+2],O=C(NC1CCCCC1)[C@@H]1CCCC[N@@+]1([O-])CCC[N@+]1([O-])CCCC[C@H]1C(=O)NC1CCCCC1,CCOC(C)=O,,CCN(CC)CC,,,0.17,R,,1,0.46,0.1,1,2.0,,True,Ni,,,,18,,"O,O,O,O",,"dimethyl (R)-2-hydroxy-2-(1-phenylbuta-1,2-dien-1-yl)malonate",50,"Org. Lett. 2020, 22, 2692",4.0,1.0,,10,48,,1.2,0.96,,S,,0.0,2,10.1021/acs.orglett.0c00649,,
18,COC(=O)C(OC(C)C#Cc1ccccc1)C(=O)OC,,COC(=O)C(O[C@@H](C)C#Cc1ccccc1)C(=O)OC,CC=C=C(c1ccccc1)C(O)(C(=O)OC)C(=O)OC,O=S(=O)([O-])C(F)(F)F.O=S(=O)([O-])C(F)(F)F.[Ni+2],Cc1cccc(C)c1NC(=O)[C@@H]1CCCC[N@@+]1([O-])CCC[N@+]1([O-])CCCC[C@H]1C(=O)Nc1c(C)cccc1C,CCOC(C)=O,,CCN(CC)CC,,,0.05,R,,1,0.83,0.1,1,2.0,,True,Ni,,,,19,,"O,O,O,O",,"dimethyl (R)-2-hydroxy-2-(1-phenylbuta-1,2-dien-1-yl)malonate",50,"Org. Lett. 2020, 22, 2692",4.0,1.0,,10,48,,1.2,0.95,,S,,0.0,2,10.1021/acs.orglett.0c00649,,
19,COC(=O)C(OC(C)C#Cc1ccccc1)C(=O)OC,,COC(=O)C(O[C@@H](C)C#Cc1ccccc1)C(=O)OC,CC=C=C(c1ccccc1)C(O)(C(=O)OC)C(=O)OC,O=S(=O)([O-])C(F)(F)F.O=S(=O)([O-])C(F)(F)F.[Ni+2],CC(C)c1cccc(C(C)C)c1NC(=O)[C@@H]1CCCC[N@@+]1([O-])CCC[N@+]1([O-])CCCC[C@H]1C(=O)Nc1c(C(C)C)cccc1C(C)C,CCOC(C)=O,,CCN(CC)CC,,,0.11,R,,1,0.83,0.1,1,2.0,,True,Ni,,,,20,,"O,O,O,O",,"dimethyl (R)-2-hydroxy-2-(1-phenylbuta-1,2-dien-1-yl)malonate",50,"Org. Lett. 2020, 22, 2692",4.0,1.0,,10,48,,1.2,0.98,,S,,0.0,2,10.1021/acs.orglett.0c00649,,
20,COC(=O)C(OC(C)C#Cc1ccccc1)C(=O)OC,,COC(=O)C(O[C@@H](C)C#Cc1ccccc1)C(=O)OC,CC=C=C(c1ccccc1)C(O)(C(=O)OC)C(=O)OC,O=S(=O)([O-])C(F)(F)F.O=S(=O)([O-])C(F)(F)F.[Ni+2],CC(C)c1cc(C(C)C)c(NC(=O)[C@@H]2CCCC[N@@+]2([O-])CCC[N@+]2([O-])CCCC[C@H]2C(=O)Nc2c(C(C)C)cc(C(C)C)cc2C(C)C)c(C(C)C)c1,CCOC(C)=O,,CCN(CC)CC,,,0.14,R,,1,0.88,0.1,1,2.0,,True,Ni,,,,21,,"O,O,O,O",,"dimethyl (R)-2-hydroxy-2-(1-phenylbuta-1,2-dien-1-yl)malonate",50,"Org. Lett. 2020, 22, 2692",4.0,1.0,,10,48,,1.2,0.98,,S,,0.0,2,10.1021/acs.orglett.0c00649,,
21,COC(=O)C(OC(C)C#Cc1ccccc1)C(=O)OC,,COC(=O)C(O[C@@H](C)C#Cc1ccccc1)C(=O)OC,CC=C=C(c1ccccc1)C(O)(C(=O)OC)C(=O)OC,O.O.O.O.O.O.[Ni+2].[O-][Cl+3]([O-])([O-])[O-].[O-][Cl+3]([O-])([O-])[O-],CC(C)c1cc(C(C)C)c(NC(=O)[C@@H]2CCCC[N@@+]2([O-])CCC[N@+]2([O-])CCCC[C@H]2C(=O)Nc2c(C(C)C)cc(C(C)C)cc2C(C)C)c(C(C)C)c1,CCOC(C)=O,,CCN(CC)CC,,,0.24,R,,1,0.74,0.1,1,2.0,,True,Ni,,,,22,,"O,O,O,O",,"dimethyl (R)-2-hydroxy-2-(1-phenylbuta-1,2-dien-1-yl)malonate",50,"Org. Lett. 2020, 22, 2692",4.0,1.0,,10,48,,1.2,0.99,,S,,0.0,2,10.1021/acs.orglett.0c00649,,
22,COC(=O)C(OC(C)C#Cc1ccccc1)C(=O)OC,,COC(=O)C(O[C@@H](C)C#Cc1ccccc1)C(=O)OC,CC=C=C(c1ccccc1)C(O)(C(=O)OC)C(=O)OC,O.O.O.O.O.O.[Ni+2].[O-][Cl+3]([O-])([O-])[O-].[O-][Cl+3]([O-])([O-])[O-],CC(C)(C)c1cc(NC(=O)[C@@H]2CCCC[N@@+]2([O-])CCC[N@+]2([O-])CCCC[C@H]2C(=O)Nc2cc(C(C)(C)C)cc(C(C)(C)C)c2)cc(C(C)(C)C)c1,CCOC(C)=O,,CCN(CC)CC,,,0.32,R,,1,0.18,0.1,1,2.0,,True,Ni,,,,23,,"O,O,O,O",,"dimethyl (R)-2-hydroxy-2-(1-phenylbuta-1,2-dien-1-yl)malonate",50,"Org. Lett. 2020, 22, 2692",4.0,0.3,,10,48,,1.2,0.38,,S,,0.0,2,10.1021/acs.orglett.0c00649,,
23,COC(=O)C(OC(C)C#Cc1ccccc1)C(=O)OC,,COC(=O)C(O[C@@H](C)C#Cc1ccccc1)C(=O)OC,CC=C=C(c1ccccc1)C(O)(C(=O)OC)C(=O)OC,O.O.O.O.O.O.[Ni+2].[O-][Cl+3]([O-])([O-])[O-].[O-][Cl+3]([O-])([O-])[O-],CC(C)c1cc(C(C)C)c(NC(=O)[C@@H]2C[C@@H]3CCC[C@@H]3[N@@+]2([O-])CCC[N@@+]2([O-])[C@H](C(=O)Nc3c(C(C)C)cc(C(C)C)cc3C(C)C)C[C@@H]3CCC[C@@H]32)c(C(C)C)c1,CCOC(C)=O,,CCN(CC)CC,,,0.16,R,,1,0.67,0.1,1,2.0,,True,Ni,,,,24,,"O,O,O,O",,"dimethyl (R)-2-hydroxy-2-(1-phenylbuta-1,2-dien-1-yl)malonate",50,"Org. Lett. 2020, 22, 2692",4.0,0.3,,10,48,,1.2,0.84,,S,,0.0,2,10.1021/acs.orglett.0c00649,,
24,COC(=O)C(OC(C)C#Cc1ccccc1)C(=O)OC,,COC(=O)C(O[C@@H](C)C#Cc1ccccc1)C(=O)OC,CC=C=C(c1ccccc1)C(O)(C(=O)OC)C(=O)OC,O=S(=O)([O-])C(F)(F)F.O=S(=O)([O-])C(F)(F)F.[Ni+2],CC(C)c1cc(C(C)C)c(NC(=O)[C@@H]2CCC[N@@+]2([O-])CCC[N@+]2([O-])CCC[C@H]2C(=O)Nc2c(C(C)C)cc(C(C)C)cc2C(C)C)c(C(C)C)c1,CCOC(C)=O,,CCN(CC)CC,,,0.2,R,,1,0.66,0.1,1,2.0,,True,Ni,,,,25,,"O,O,O,O",,"dimethyl (R)-2-hydroxy-2-(1-phenylbuta-1,2-dien-1-yl)malonate",50,"Org. Lett. 2020, 22, 2692",4.0,1.0,,10,48,,1.2,0.96,,S,,0.0,2,10.1021/acs.orglett.0c00649,,
25,COC(=O)C(OC(C)C#Cc1ccccc1)C(=O)OC,,COC(=O)C(O[C@@H](C)C#Cc1ccccc1)C(=O)OC,CC=C=C(c1ccccc1)C(O)(C(=O)OC)C(=O)OC,O.O.O.O.O.O.[Ni+2].[O-][Cl+3]([O-])([O-])[O-].[O-][Cl+3]([O-])([O-])[O-],CC(C)c1cc(C(C)C)c(NC(=O)[C@@H]2CCCC[N@@+]2([O-])CCC[N@+]2([O-])CCCC[C@H]2C(=O)Nc2c(C(C)C)cc(C(C)C)cc2C(C)C)c(C(C)C)c1,CCOC(C)=O,,CCN(CC)CC,,,0.24,R,,1,0.74,0.1,1,2.0,,True,Ni,,,,26,,"O,O,O,O",,"dimethyl (R)-2-hydroxy-2-(1-phenylbuta-1,2-dien-1-yl)malonate",50,"Org. Lett. 2020, 22, 2692",4.0,1.0,,10,48,,1.2,0.99,,S,,0.0,2,10.1021/acs.orglett.0c00649,,
26,COC(=O)C(OC(C)C#Cc1ccccc1)C(=O)OC,,COC(=O)C(O[C@@H](C)C#Cc1ccccc1)C(=O)OC,CC=C=C(c1ccccc1)C(O)(C(=O)OC)C(=O)OC,O.O.O.O.O.O.[Ni+2].[O-][Cl+3]([O-])([O-])[O-].[O-][Cl+3]([O-])([O-])[O-],CC(C)c1cc(C(C)C)c(NC(=O)[C@@H]2CCCC[N@@+]2([O-])CCC[N@+]2([O-])CCCC[C@H]2C(=O)Nc2c(C(C)C)cc(C(C)C)cc2C(C)C)c(C(C)C)c1,CCOC(C)=O,,CCN(CC)CC,,,0.3,R,,1,0.45,0.1,1,2.0,,True,Ni,,,,27,,"O,O,O,O",,"dimethyl (R)-2-hydroxy-2-(1-phenylbuta-1,2-dien-1-yl)malonate",50,"Org. Lett. 2020, 22, 2692",4.0,0.5,,10,48,,1.2,0.99,,S,,0.0,2,10.1021/acs.orglett.0c00649,,
27,COC(=O)C(OC(C)C#Cc1ccccc1)C(=O)OC,,COC(=O)C(O[C@@H](C)C#Cc1ccccc1)C(=O)OC,CC=C=C(c1ccccc1)C(O)(C(=O)OC)C(=O)OC,O.O.O.O.O.O.[Ni+2].[O-][Cl+3]([O-])([O-])[O-].[O-][Cl+3]([O-])([O-])[O-],CC(C)c1cc(C(C)C)c(NC(=O)[C@@H]2CCCC[N@@+]2([O-])CCC[N@+]2([O-])CCCC[C@H]2C(=O)Nc2c(C(C)C)cc(C(C)C)cc2C(C)C)c(C(C)C)c1,CCOC(C)=O,,CCN(CC)CC,,,0.46,R,,1,0.54,0.1,1,2.0,,True,Ni,,,,28,,"O,O,O,O",,"dimethyl (R)-2-hydroxy-2-(1-phenylbuta-1,2-dien-1-yl)malonate",50,"Org. Lett. 2020, 22, 2692",4.0,0.3,,10,48,,1.2,0.98,,S,,0.0,2,10.1021/acs.orglett.0c00649,,
28,COC(=O)C(OC(C)C#Cc1ccccc1)C(=O)OC,,COC(=O)C(O[C@@H](C)C#Cc1ccccc1)C(=O)OC,CC=C=C(c1ccccc1)C(O)(C(=O)OC)C(=O)OC,O.O.O.O.O.O.[Ni+2].[O-][Cl+3]([O-])([O-])[O-].[O-][Cl+3]([O-])([O-])[O-],CC(C)c1cc(C(C)C)c(NC(=O)[C@@H]2CCCC[N@@+]2([O-])CCC[N@+]2([O-])CCCC[C@H]2C(=O)Nc2c(C(C)C)cc(C(C)C)cc2C(C)C)c(C(C)C)c1,CCOC(C)=O,,CCN(CC)CC,,,0.32,R,,1,0.35,0.1,1,2.0,0.94,True,Ni,,,,29,,"O,O,O,O",,"dimethyl (R)-2-hydroxy-2-(1-phenylbuta-1,2-dien-1-yl)malonate",50,"Org. Lett. 2020, 22, 2692",4.0,0.1,,10,48,,1.2,0.98,,S,,0.0,2,10.1021/acs.orglett.0c00649,,
29,COC(=O)C(OC(C)C#Cc1ccccc1)C(=O)OC,,COC(=O)C(O[C@@H](C)C#Cc1ccccc1)C(=O)OC,CC=C=C(c1ccccc1)C(O)(C(=O)OC)C(=O)OC,O.O.O.O.O.O.[Ni+2].[O-][Cl+3]([O-])([O-])[O-].[O-][Cl+3]([O-])([O-])[O-],CC(C)c1cccc(C(C)C)c1NC(=O)[C@@H]1CCCC[N@@+]1([O-])CCC[N@+]1([O-])CCCC[C@H]1C(=O)Nc1c(C(C)C)cccc1C(C)C,CCOC(C)=O,,CCN(CC)CC,,,0.37,R,,1,0.55,0.1,1,2.0,,True,Ni,,,,30,,"O,O,O,O",,"dimethyl (R)-2-hydroxy-2-(1-phenylbuta-1,2-dien-1-yl)malonate",50,"Org. Lett. 2020, 22, 2692",4.0,0.3,,10,48,,1.2,0.98,,S,,0.0,2,10.1021/acs.orglett.0c00649,,
30,COC(=O)C(OC(C)C#Cc1ccccc1)C(=O)OC,,COC(=O)C(O[C@@H](C)C#Cc1ccccc1)C(=O)OC,CC=C=C(c1ccccc1)C(O)(C(=O)OC)C(=O)OC,O.O.O.O.O.O.[Ni+2].[O-][Cl+3]([O-])([O-])[O-].[O-][Cl+3]([O-])([O-])[O-],CC(C)c1cccc(C(C)C)c1NC(=O)[C@@H]1CCCC[N@@+]1([O-])CCC[N@+]1([O-])CCCC[C@H]1C(=O)Nc1c(C(C)C)cccc1C(C)C,Cc1ccccc1,,CCN(CC)CC,,,NR,R,,1,0.98,0.1,1,2.0,,True,Ni,,,,31,,"O,O,O,O",,"dimethyl (R)-2-hydroxy-2-(1-phenylbuta-1,2-dien-1-yl)malonate",50,"Org. Lett. 2020, 22, 2692",4.0,0.3,,10,48,,1.2,,,S,,0.0,2,10.1021/acs.orglett.0c00649,,
31,COC(=O)C(OC(C)C#Cc1ccccc1)C(=O)OC,,COC(=O)C(O[C@@H](C)C#Cc1ccccc1)C(=O)OC,CC=C=C(c1ccccc1)C(O)(C(=O)OC)C(=O)OC,O.O.O.O.O.O.[Ni+2].[O-][Cl+3]([O-])([O-])[O-].[O-][Cl+3]([O-])([O-])[O-],CC(C)c1cccc(C(C)C)c1NC(=O)[C@@H]1CCCC[N@@+]1([O-])CCC[N@+]1([O-])CCCC[C@H]1C(=O)Nc1c(C(C)C)cccc1C(C)C,CO,,CCN(CC)CC,,,NR,R,,1,0.98,0.1,1,2.0,,True,Ni,,,,32,,"O,O,O,O",,"dimethyl (R)-2-hydroxy-2-(1-phenylbuta-1,2-dien-1-yl)malonate",50,"Org. Lett. 2020, 22, 2692",4.0,0.3,,10,48,,1.2,,,S,,0.0,2,10.1021/acs.orglett.0c00649,,
32,COC(=O)C(OC(C)C#Cc1ccccc1)C(=O)OC,,COC(=O)C(O[C@@H](C)C#Cc1ccccc1)C(=O)OC,CC=C=C(c1ccccc1)C(O)(C(=O)OC)C(=O)OC,O.O.O.O.O.O.[Ni+2].[O-][Cl+3]([O-])([O-])[O-].[O-][Cl+3]([O-])([O-])[O-],CC(C)c1cccc(C(C)C)c1NC(=O)[C@@H]1CCCC[N@@+]1([O-])CCC[N@+]1([O-])CCCC[C@H]1C(=O)Nc1c(C(C)C)cccc1C(C)C,CCCCCC,,CCN(CC)CC,,,,R,,1,0.96,0.1,1,2.0,,True,Ni,,,,33,,"O,O,O,O",,"dimethyl (R)-2-hydroxy-2-(1-phenylbuta-1,2-dien-1-yl)malonate",50,"Org. Lett. 2020, 22, 2692",4.0,0.3,,10,48,,1.2,,,S,,0.0,2,10.1021/acs.orglett.0c00649,,
33,COC(=O)C(OC(C)C#Cc1ccccc1)C(=O)OC,,COC(=O)C(O[C@@H](C)C#Cc1ccccc1)C(=O)OC,CC=C=C(c1ccccc1)C(O)(C(=O)OC)C(=O)OC,O.O.O.O.O.O.[Ni+2].[O-][Cl+3]([O-])([O-])[O-].[O-][Cl+3]([O-])([O-])[O-],CC(C)c1cccc(C(C)C)c1NC(=O)[C@@H]1CCCC[N@@+]1([O-])CCC[N@+]1([O-])CCCC[C@H]1C(=O)Nc1c(C(C)C)cccc1C(C)C,CC#N,,CCN(CC)CC,,,0.37,R,,1,0.48,0.1,1,2.0,,True,Ni,,,,34,,"O,O,O,O",,"dimethyl (R)-2-hydroxy-2-(1-phenylbuta-1,2-dien-1-yl)malonate",50,"Org. Lett. 2020, 22, 2692",4.0,0.3,,10,48,,1.2,0.94,,S,,0.0,2,10.1021/acs.orglett.0c00649,,
34,COC(=O)C(OC(C)C#Cc1ccccc1)C(=O)OC,,COC(=O)C(O[C@@H](C)C#Cc1ccccc1)C(=O)OC,CC=C=C(c1ccccc1)C(O)(C(=O)OC)C(=O)OC,O.O.O.O.O.O.[Ni+2].[O-][Cl+3]([O-])([O-])[O-].[O-][Cl+3]([O-])([O-])[O-],CC(C)c1cccc(C(C)C)c1NC(=O)[C@@H]1CCCC[N@@+]1([O-])CCC[N@+]1([O-])CCCC[C@H]1C(=O)Nc1c(C(C)C)cccc1C(C)C,C1CCOC1,,CCN(CC)CC,,,0.07,R,,1,0.91,0.1,1,2.0,,True,Ni,,,,35,,"O,O,O,O",,"dimethyl (R)-2-hydroxy-2-(1-phenylbuta-1,2-dien-1-yl)malonate",50,"Org. Lett. 2020, 22, 2692",4.0,0.3,,10,48,,1.2,0.98,,S,,0.0,2,10.1021/acs.orglett.0c00649,,
35,COC(=O)C(OC(C)C#Cc1ccccc1)C(=O)OC,,COC(=O)C(O[C@@H](C)C#Cc1ccccc1)C(=O)OC,CC=C=C(c1ccccc1)C(O)(C(=O)OC)C(=O)OC,O.O.O.O.O.O.[Ni+2].[O-][Cl+3]([O-])([O-])[O-].[O-][Cl+3]([O-])([O-])[O-],CC(C)c1cccc(C(C)C)c1NC(=O)[C@@H]1CCCC[N@@+]1([O-])CCC[N@+]1([O-])CCCC[C@H]1C(=O)Nc1c(C(C)C)cccc1C(C)C,CC(Cl)Cl,,CCN(CC)CC,,,trace,R,,1,0.96,0.1,1,2.0,,True,Ni,,,,36,,"O,O,O,O",,"dimethyl (R)-2-hydroxy-2-(1-phenylbuta-1,2-dien-1-yl)malonate",50,"Org. Lett. 2020, 22, 2692",4.0,0.3,,10,48,,1.2,,,S,,0.0,2,10.1021/acs.orglett.0c00649,,
36,COC(=O)C(OC(C)C#Cc1ccccc1)C(=O)OC,,COC(=O)C(O[C@@H](C)C#Cc1ccccc1)C(=O)OC,CC=C=C(c1ccccc1)C(O)(C(=O)OC)C(=O)OC,O.O.O.O.O.O.[Ni+2].[O-][Cl+3]([O-])([O-])[O-].[O-][Cl+3]([O-])([O-])[O-],CC(C)c1cc(C(C)C)c(NC(=O)[C@@H]2CCCC[N@@+]2([O-])CCC[N@+]2([O-])CCCC[C@H]2C(=O)Nc2c(C(C)C)cc(C(C)C)cc2C(C)C)c(C(C)C)c1,CCOC(C)=O,,O=C([O-])[O-].[Cs+].[Cs+],,,0.1,R,,1,0.0058,0.1,1,2.0,,True,Ni,,,,37,,"O,O,O,O",,"dimethyl (R)-2-hydroxy-2-(1-phenylbuta-1,2-dien-1-yl)malonate",50,"Org. Lett. 2020, 22, 2692",4.0,0.3,,10,48,,1.2,0.17,,S,,0.0,2,10.1021/acs.orglett.0c00649,,
37,COC(=O)C(OC(C)C#Cc1ccccc1)C(=O)OC,,COC(=O)C(O[C@@H](C)C#Cc1ccccc1)C(=O)OC,CC=C=C(c1ccccc1)C(O)(C(=O)OC)C(=O)OC,O.O.O.O.O.O.[Ni+2].[O-][Cl+3]([O-])([O-])[O-].[O-][Cl+3]([O-])([O-])[O-],CC(C)c1cc(C(C)C)c(NC(=O)[C@@H]2CCCC[N@@+]2([O-])CCC[N@+]2([O-])CCCC[C@H]2C(=O)Nc2c(C(C)C)cc(C(C)C)cc2C(C)C)c(C(C)C)c1,CCOC(C)=O,,O=C([O-])[O-].[K+].[K+],,,0.42,R,,1,0.00032,0.1,1,2.0,,True,Ni,,,,38,,"O,O,O,O",,"dimethyl (R)-2-hydroxy-2-(1-phenylbuta-1,2-dien-1-yl)malonate",50,"Org. Lett. 2020, 22, 2692",4.0,0.3,,10,48,,1.2,0.11,,S,,0.0,2,10.1021/acs.orglett.0c00649,,
38,COC(=O)C(OC(C)C#Cc1ccccc1)C(=O)OC,,COC(=O)C(O[C@@H](C)C#Cc1ccccc1)C(=O)OC,CC=C=C(c1ccccc1)C(O)(C(=O)OC)C(=O)OC,O.O.O.O.O.O.[Ni+2].[O-][Cl+3]([O-])([O-])[O-].[O-][Cl+3]([O-])([O-])[O-],CC(C)c1cc(C(C)C)c(NC(=O)[C@@H]2CCCC[N@@+]2([O-])CCC[N@+]2([O-])CCCC[C@H]2C(=O)Nc2c(C(C)C)cc(C(C)C)cc2C(C)C)c(C(C)C)c1,CCOC(C)=O,,O.O.O.O.O.O.O.O=P([O-])([O-])[O-].[K+].[K+].[K+],,,0.23,R,,1,0.0068,0.1,1,2.0,,True,Ni,,,,39,,"O,O,O,O",,"dimethyl (R)-2-hydroxy-2-(1-phenylbuta-1,2-dien-1-yl)malonate",50,"Org. Lett. 2020, 22, 2692",4.0,0.3,,10,48,,1.2,0.04,,S,,0.0,2,10.1021/acs.orglett.0c00649,,
39,COC(=O)C(OC(C)C#Cc1ccccc1)C(=O)OC,,COC(=O)C(O[C@@H](C)C#Cc1ccccc1)C(=O)OC,CC=C=C(c1ccccc1)C(O)(C(=O)OC)C(=O)OC,O.O.O.O.O.O.[Ni+2].[O-][Cl+3]([O-])([O-])[O-].[O-][Cl+3]([O-])([O-])[O-],CC(C)c1cc(C(C)C)c(NC(=O)[C@@H]2CCCC[N@@+]2([O-])CCC[N@+]2([O-])CCCC[C@H]2C(=O)Nc2c(C(C)C)cc(C(C)C)cc2C(C)C)c(C(C)C)c1,CCOC(C)=O,,O=C([O-])O.[Na+],,,0.4,R,,1,0.45,0.1,1,2.0,,True,Ni,,,,40,,"O,O,O,O",,"dimethyl (R)-2-hydroxy-2-(1-phenylbuta-1,2-dien-1-yl)malonate",50,"Org. Lett. 2020, 22, 2692",4.0,0.3,,10,48,,1.2,0.99,,S,,0.0,2,10.1021/acs.orglett.0c00649,,
40,COC(=O)C(OC(C)C#Cc1ccccc1)C(=O)OC,,COC(=O)C(O[C@@H](C)C#Cc1ccccc1)C(=O)OC,CC=C=C(c1ccccc1)C(O)(C(=O)OC)C(=O)OC,O.O.O.O.O.O.[Ni+2].[O-][Cl+3]([O-])([O-])[O-].[O-][Cl+3]([O-])([O-])[O-],CC(C)c1cc(C(C)C)c(NC(=O)[C@@H]2CCCC[N@@+]2([O-])CCC[N@+]2([O-])CCCC[C@H]2C(=O)Nc2c(C(C)C)cc(C(C)C)cc2C(C)C)c(C(C)C)c1,CCOC(C)=O,,CN(C)c1ccncc1,,,,R,,1,0.91,0.1,1,2.0,,True,Ni,,,,41,,"O,O,O,O",,"dimethyl (R)-2-hydroxy-2-(1-phenylbuta-1,2-dien-1-yl)malonate",50,"Org. Lett. 2020, 22, 2692",4.0,0.3,,10,48,,1.2,,,S,,0.0,2,10.1021/acs.orglett.0c00649,,
41,COC(=O)C(OC(C)C#Cc1ccccc1)C(=O)OC,,COC(=O)C(O[C@@H](C)C#Cc1ccccc1)C(=O)OC,CC=C=C(c1ccccc1)C(O)(C(=O)OC)C(=O)OC,O.O.O.O.O.O.[Ni+2].[O-][Cl+3]([O-])([O-])[O-].[O-][Cl+3]([O-])([O-])[O-],CC(C)c1cc(C(C)C)c(NC(=O)[C@@H]2CCCC[N@@+]2([O-])CCC[N@+]2([O-])CCCC[C@H]2C(=O)Nc2c(C(C)C)cc(C(C)C)cc2C(C)C)c(C(C)C)c1,CCOC(C)=O,,CCN(C(C)C)C(C)C,,,0.44,R,,1,0.38,0.1,1,2.0,,True,Ni,,,,42,,"O,O,O,O",,"dimethyl (R)-2-hydroxy-2-(1-phenylbuta-1,2-dien-1-yl)malonate",50,"Org. Lett. 2020, 22, 2692",4.0,0.3,,10,48,,1.2,0.99,,S,,0.0,2,10.1021/acs.orglett.0c00649,,
42,COC(=O)C(OC(C)C#Cc1ccccc1)C(=O)OC,,COC(=O)C(O[C@@H](C)C#Cc1ccccc1)C(=O)OC,CC=C=C(c1ccccc1)C(O)(C(=O)OC)C(=O)OC,O.O.O.O.O.O.[Ni+2].[O-][Cl+3]([O-])([O-])[O-].[O-][Cl+3]([O-])([O-])[O-],CC(C)c1cc(C(C)C)c(NC(=O)[C@@H]2CCCC[N@@+]2([O-])CCC[N@+]2([O-])CCCC[C@H]2C(=O)Nc2c(C(C)C)cc(C(C)C)cc2C(C)C)c(C(C)C)c1,CCOC(C)=O,,CCCCN(CCCC)CCCC,,,0.37,R,,1,0.67,0.1,1,2.0,,True,Ni,,,,43,,"O,O,O,O",,"dimethyl (R)-2-hydroxy-2-(1-phenylbuta-1,2-dien-1-yl)malonate",50,"Org. Lett. 2020, 22, 2692",4.0,0.3,,10,48,,1.2,0.99,,S,,0.0,2,10.1021/acs.orglett.0c00649,,
43,COC(=O)C(OC(C)C#Cc1ccccc1)C(=O)OC,,COC(=O)C(O[C@@H](C)C#Cc1ccccc1)C(=O)OC,CC=C=C(c1ccccc1)C(O)(C(=O)OC)C(=O)OC,O.O.O.O.O.O.[Ni+2].[O-][Cl+3]([O-])([O-])[O-].[O-][Cl+3]([O-])([O-])[O-],CC(C)c1cc(C(C)C)c(NC(=O)[C@@H]2CCCC[N@@+]2([O-])CCC[N@+]2([O-])CCCC[C@H]2C(=O)Nc2c(C(C)C)cc(C(C)C)cc2C(C)C)c(C(C)C)c1,CCOC(C)=O,,CCN(CC)CC,,,0.46,R,,1,0.47,0.1,1,2.0,,True,Ni,,,,44,,"O,O,O,O",,"dimethyl (R)-2-hydroxy-2-(1-phenylbuta-1,2-dien-1-yl)malonate",50,"Org. Lett. 2020, 22, 2692",4.0,0.3,,10,48,,1.2,0.98,,S,,0.0,2,10.1021/acs.orglett.0c00649,,
44,COC(=O)C(OC(C)C#Cc1ccccc1)C(=O)OC,,COC(=O)C(O[C@@H](C)C#Cc1ccccc1)C(=O)OC,CC=C=C(c1ccccc1)C(O)(C(=O)OC)C(=O)OC,O.O.O.O.O.O.[Ni+2].[O-][Cl+3]([O-])([O-])[O-].[O-][Cl+3]([O-])([O-])[O-],CC(C)c1cc(C(C)C)c(NC(=O)[C@@H]2CCCC[N@@+]2([O-])CCC[N@+]2([O-])CCCC[C@H]2C(=O)Nc2c(C(C)C)cc(C(C)C)cc2C(C)C)c(C(C)C)c1,CCOC(C)=O,,CCNCC,,,,R,,1,0.19,0.1,1,2.0,,True,Ni,,,,45,,"O,O,O,O",,"dimethyl (R)-2-hydroxy-2-(1-phenylbuta-1,2-dien-1-yl)malonate",50,"Org. Lett. 2020, 22, 2692",4.0,0.3,,10,48,,1.2,,,S,,0.0,2,10.1021/acs.orglett.0c00649,,
45,COC(=O)C(OC(C)C#Cc1ccccc1)C(=O)OC,,COC(=O)C(O[C@@H](C)C#Cc1ccccc1)C(=O)OC,CC=C=C(c1ccccc1)C(O)(C(=O)OC)C(=O)OC,O.O.O.O.O.O.[Ni+2].[O-][Cl+3]([O-])([O-])[O-].[O-][Cl+3]([O-])([O-])[O-],CC(C)c1cc(C(C)C)c(NC(=O)[C@@H]2CCCC[N@@+]2([O-])CCC[N@+]2([O-])CCCC[C@H]2C(=O)Nc2c(C(C)C)cc(C(C)C)cc2C(C)C)c(C(C)C)c1,CCOC(C)=O,,CN(C)CCN(C)C,,,,R,,1,0.8,0.1,1,2.0,,True,Ni,,,,46,,"O,O,O,O",,"dimethyl (R)-2-hydroxy-2-(1-phenylbuta-1,2-dien-1-yl)malonate",50,"Org. Lett. 2020, 22, 2692",4.0,0.3,,10,48,,1.2,,,S,,0.0,2,10.1021/acs.orglett.0c00649,,
46,COC(=O)C(OC(C)C#Cc1ccccc1)C(=O)OC,,COC(=O)C(O[C@@H](C)C#Cc1ccccc1)C(=O)OC,CC=C=C(c1ccccc1)C(O)(C(=O)OC)C(=O)OC,O.O.O.O.O.O.[Ni+2].[O-][Cl+3]([O-])([O-])[O-].[O-][Cl+3]([O-])([O-])[O-],CC(C)c1cc(C(C)C)c(NC(=O)[C@@H]2CCCC[N@@+]2([O-])CCC[N@+]2([O-])CCCC[C@H]2C(=O)Nc2c(C(C)C)cc(C(C)C)cc2C(C)C)c(C(C)C)c1,CCOC(C)=O,,CCN(CC)CC,,,0.39,R,,1,0.46,0.1,1,2.0,,True,Ni,,,,47,,"O,O,O,O",,"dimethyl (R)-2-hydroxy-2-(1-phenylbuta-1,2-dien-1-yl)malonate",50,"Org. Lett. 2020, 22, 2692",4.0,0.3,,10,48,,1.2,0.98,,S,20.0,0.0,2,10.1021/acs.orglett.0c00649,,3A MS
47,COC(=O)C(OC(C)C#Cc1ccccc1)C(=O)OC,,COC(=O)C(O[C@@H](C)C#Cc1ccccc1)C(=O)OC,CC=C=C(c1ccccc1)C(O)(C(=O)OC)C(=O)OC,O.O.O.O.O.O.[Ni+2].[O-][Cl+3]([O-])([O-])[O-].[O-][Cl+3]([O-])([O-])[O-],CC(C)c1cc(C(C)C)c(NC(=O)[C@@H]2CCCC[N@@+]2([O-])CCC[N@+]2([O-])CCCC[C@H]2C(=O)Nc2c(C(C)C)cc(C(C)C)cc2C(C)C)c(C(C)C)c1,CCOC(C)=O,,CCN(CC)CC,,,0.48,R,,1,0.36,0.1,1,2.0,0.98,True,Ni,,,,48,,"O,O,O,O",,"dimethyl (R)-2-hydroxy-2-(1-phenylbuta-1,2-dien-1-yl)malonate",50,"Org. Lett. 2020, 22, 2692",4.0,0.3,,10,48,,1.2,0.96,,S,20.0,0.0,2,10.1021/acs.orglett.0c00649,,4A MS
48,COC(=O)C(OC(C)C#Cc1ccccc1)C(=O)OC,,COC(=O)C(O[C@@H](C)C#Cc1ccccc1)C(=O)OC,CC=C=C(c1ccccc1)C(O)(C(=O)OC)C(=O)OC,O.O.O.O.O.O.[Ni+2].[O-][Cl+3]([O-])([O-])[O-].[O-][Cl+3]([O-])([O-])[O-],CC(C)c1cc(C(C)C)c(NC(=O)[C@@H]2CCCC[N@@+]2([O-])CCC[N@+]2([O-])CCCC[C@H]2C(=O)Nc2c(C(C)C)cc(C(C)C)cc2C(C)C)c(C(C)C)c1,CCOC(C)=O,,CCN(CC)CC,,,0.44,R,,1,0.34,0.1,1,2.0,0.97,True,Ni,,,,49,,"O,O,O,O",,"dimethyl (R)-2-hydroxy-2-(1-phenylbuta-1,2-dien-1-yl)malonate",50,"Org. Lett. 2020, 22, 2692",4.0,0.3,,10,48,,1.2,0.98,,S,20.0,0.0,2,10.1021/acs.orglett.0c00649,,5A MS
49,COC(=O)C(OC(C)C#Cc1ccccc1)C(=O)OC,,COC(=O)C(O[C@@H](C)C#Cc1ccccc1)C(=O)OC,CC=C=C(c1ccccc1)C(O)(C(=O)OC)C(=O)OC,O.O.O.O.O.O.[Ni+2].[O-][Cl+3]([O-])([O-])[O-].[O-][Cl+3]([O-])([O-])[O-],CC(C)c1cc(C(C)C)c(NC(=O)[C@@H]2CCCC[N@@+]2([O-])CCC[N@+]2([O-])CCCC[C@H]2C(=O)Nc2c(C(C)C)cc(C(C)C)cc2C(C)C)c(C(C)C)c1,CCOC(C)=O,,CCN(CC)CC,FC(F)(F)c1cc([B-](c2cc(C(F)(F)F)cc(C(F)(F)F)c2)(c2cc(C(F)(F)F)cc(C(F)(F)F)c2)c2cc(C(F)(F)F)cc(C(F)(F)F)c2)cc(C(F)(F)F)c1.[Na+],,0.46,R,0.01,1,0.37,0.1,1,2.0,0.85,True,Ni,,,,50,"sodium tetrakis(3,5-bis(trifluoromethyl)phenyl)borate","O,O,O,O",,"dimethyl (R)-2-hydroxy-2-(1-phenylbuta-1,2-dien-1-yl)malonate",50,"Org. Lett. 2020, 22, 2692",4.0,0.3,,10,48,,1.2,0.88,,S,,0.0,2,10.1021/acs.orglett.0c00649,,
50,COC(=O)C(OC(C)C#Cc1ccccc1)C(=O)OC,,COC(=O)C(O[C@@H](C)C#Cc1ccccc1)C(=O)OC,CC=C=C(c1ccccc1)C(O)(C(=O)OC)C(=O)OC,O.O.O.O.O.O.[Ni+2].[O-][Cl+3]([O-])([O-])[O-].[O-][Cl+3]([O-])([O-])[O-],CC(C)c1cc(C(C)C)c(NC(=O)[C@@H]2CCCC[N@@+]2([O-])CCC[N@+]2([O-])CCCC[C@H]2C(=O)Nc2c(C(C)C)cc(C(C)C)cc2C(C)C)c(C(C)C)c1,CCOC(C)=O,,CCN(CC)CC,O=S(=O)([N-]S(=O)(=O)C(F)(F)F)C(F)(F)F.[Li+],,0.47,R,0.01,1,0.2,0.1,1,2.0,0.97,True,Ni,,,,51,Lithium bis(trifluoromethanesulphonyl)imide,"O,O,O,O",,"dimethyl (R)-2-hydroxy-2-(1-phenylbuta-1,2-dien-1-yl)malonate",50,"Org. Lett. 2020, 22, 2692",4.0,0.3,,10,48,,1.2,0.6,,S,,0.0,2,10.1021/acs.orglett.0c00649,,
51,COC(=O)C(OC(C)C#Cc1ccccc1)C(=O)OC,,COC(=O)C(O[C@@H](C)C#Cc1ccccc1)C(=O)OC,CC=C=C(c1ccccc1)C(O)(C(=O)OC)C(=O)OC,O.O.O.O.O.O.[Ni+2].[O-][Cl+3]([O-])([O-])[O-].[O-][Cl+3]([O-])([O-])[O-],CC(C)c1cc(C(C)C)c(NC(=O)[C@@H]2CCCC[N@@+]2([O-])CCC[N@+]2([O-])CCCC[C@H]2C(=O)Nc2c(C(C)C)cc(C(C)C)cc2C(C)C)c(C(C)C)c1,CCOC(C)=O,,CCN(CC)CC,O,,0.44,R,3.0,1,0.44,0.1,1,2.0,,True,Ni,,,,52,water,"O,O,O,O",,"dimethyl (R)-2-hydroxy-2-(1-phenylbuta-1,2-dien-1-yl)malonate",50,"Org. Lett. 2020, 22, 2692",4.0,0.3,,10,48,,1.2,0.99,,S,,0.0,2,10.1021/acs.orglett.0c00649,,
52,COC(=O)C(OC(C)C#Cc1ccccc1)C(=O)OC,,COC(=O)C(O[C@@H](C)C#Cc1ccccc1)C(=O)OC,CC=C=C(c1ccccc1)C(O)(C(=O)OC)C(=O)OC,OC[C@H](Cc1ccccc1)N=c1c(N(C2CCCCC2)C2CCCCC2)c1N(C1CCCCC1)C1CCCCC1,,CCOC(C)=O,,,,,NR,R,,1,0.93,0.1,1,,0.0,False,,,,,53,,,,"dimethyl (R)-2-hydroxy-2-(1-phenylbuta-1,2-dien-1-yl)malonate",50,"Org. Lett. 2020, 22, 2692",,0.3,,10,48,,,,,S,,,2,10.1021/acs.orglett.0c00649,,
53,COC(=O)C(OC(C)C#Cc1ccccc1)C(=O)OC,,COC(=O)C(O[C@@H](C)C#Cc1ccccc1)C(=O)OC,CC=C=C(c1ccccc1)C(O)(C(=O)OC)C(=O)OC,O=C(NC(c1ccccc1)c1ccccc1)[C@@H]1CCCCN1/C(=N/C1CCCCC1)NC1CCCCC1,,CCOC(C)=O,,,,,NR,R,,1,0.73,0.1,1,,0.0,False,,,,,54,,,,"dimethyl (R)-2-hydroxy-2-(1-phenylbuta-1,2-dien-1-yl)malonate",50,"Org. Lett. 2020, 22, 2692",,0.3,,10,48,,,,,S,,,2,10.1021/acs.orglett.0c00649,,
54,COC(=O)C(OC(C)C#Cc1ccccc1)C(=O)OC,,COC(=O)C(O[C@@H](C)C#Cc1ccccc1)C(=O)OC,CC=C=C(c1ccccc1)C(O)(C(=O)OC)C(=O)OC,O=S(=O)([O-])C(F)(F)F.O=S(=O)([O-])C(F)(F)F.[Ni+2],c1cc(C2=N[C@H]3c4ccccc4C[C@H]3O2)nc(C2=N[C@H]3c4ccccc4C[C@H]3O2)c1,CCOC(C)=O,,CCN(CC)CC,,,NR,R,,1,0.89,0.1,1,2.0,0.0,True,Ni,,,,55,,"N,N,N",,"dimethyl (R)-2-hydroxy-2-(1-phenylbuta-1,2-dien-1-yl)malonate",50,"Org. Lett. 2020, 22, 2692",3.0,0.3,,10,48,,1.2,,,S,,0.0,2,10.1021/acs.orglett.0c00649,,
55,COC(=O)C(OC(C)C#Cc1ccccc1)C(=O)OC,,COC(=O)C(O[C@@H](C)C#Cc1ccccc1)C(=O)OC,CC=C=C(c1ccccc1)C(O)(C(=O)OC)C(=O)OC,O=S(=O)([O-])C(F)(F)F.O=S(=O)([O-])C(F)(F)F.[Ni+2],c1ccc([C@H]2COC(c3cccc(C4=N[C@@H](c5ccccc5)CO4)n3)=N2)cc1,CCOC(C)=O,,CCN(CC)CC,,,NR,R,,1,0.89,0.1,1,2.0,0.0,True,Ni,,,,56,,"N,N,N",,"dimethyl (R)-2-hydroxy-2-(1-phenylbuta-1,2-dien-1-yl)malonate",50,"Org. Lett. 2020, 22, 2692",3.0,0.3,,10,48,,1.2,,,S,,0.0,2,10.1021/acs.orglett.0c00649,,
56,COC(=O)C(OC(C)C#Cc1ccccc1)C(=O)OC,,COC(=O)C(O[C@@H](C)C#Cc1ccccc1)C(=O)OC,CC=C=C(c1ccccc1)C(O)(C(=O)OC)C(=O)OC,O=S(=O)([O-])C(F)(F)F.O=S(=O)([O-])C(F)(F)F.[Ni+2],CC(C)(C1=N[C@@H](c2ccccc2)CO1)C1=N[C@@H](c2ccccc2)CO1,CCOC(C)=O,,CCN(CC)CC,,,NR,R,,1,0.83,0.1,1,2.0,0.0,True,Ni,,,,57,,"N,N",,"dimethyl (R)-2-hydroxy-2-(1-phenylbuta-1,2-dien-1-yl)malonate",50,"Org. Lett. 2020, 22, 2692",2.0,0.3,,10,48,,1.2,,,S,,0.0,2,10.1021/acs.orglett.0c00649,,
57,CCOC(=O)C(OC(C)C#Cc1ccccc1)C(=O)OCC,,COC(=O)C(O[C@@H](C)C#Cc1ccccc1)C(=O)OC,CC=C=C(c1ccccc1)C(O)(C(=O)OCC)C(=O)OCC,O.O.O.O.O.O.[Ni+2].[O-][Cl+3]([O-])([O-])[O-].[O-][Cl+3]([O-])([O-])[O-],CC(C)c1cc(C(C)C)c(NC(=O)[C@@H]2CCCC[N@@+]2([O-])CCC[N@+]2([O-])CCCC[C@H]2C(=O)Nc2c(C(C)C)cc(C(C)C)cc2C(C)C)c(C(C)C)c1,CCOC(C)=O,,CCN(CC)CC,,,0.39,R,,1,,0.1,1,2.0,,True,Ni,,,,58,,"O,O,O,O",,"diethyl (R)-2-hydroxy-2-(1-phenylbuta-1,2-dien-1-yl)malonate",50,"Org. Lett. 2020, 22, 2692",4.0,0.3,,10,30,,1.2,0.99,,S,,0.0,2,10.1021/acs.orglett.0c00649,,
58,CC(C#Cc1ccccc1)OC(C(=O)OC(C)(C)C)C(=O)OC(C)(C)C,,COC(=O)C(O[C@@H](C)C#Cc1ccccc1)C(=O)OC,CC=C=C(c1ccccc1)C(O)(C(=O)OC(C)(C)C)C(=O)OC(C)(C)C,O.O.O.O.O.O.[Ni+2].[O-][Cl+3]([O-])([O-])[O-].[O-][Cl+3]([O-])([O-])[O-],CC(C)c1cc(C(C)C)c(NC(=O)[C@@H]2CCCC[N@@+]2([O-])CCC[N@+]2([O-])CCCC[C@H]2C(=O)Nc2c(C(C)C)cc(C(C)C)cc2C(C)C)c(C(C)C)c1,CCOC(C)=O,,CCN(CC)CC,,,0.22,R,,1,,0.1,1,2.0,,True,Ni,,,,59,,"O,O,O,O",,"di-tert-butyl (R)-2-hydroxy-2-(1-phenylbuta-1,2-dien-1-yl)malonate",50,"Org. Lett. 2020, 22, 2692",4.0,0.3,,10,96,,1.2,0.99,,S,,0.0,2,10.1021/acs.orglett.0c00649,,
59,COC(=O)C(OC(C)C#Cc1ccc(Cl)cc1)C(=O)OC,,COC(=O)C(O[C@@H](C)C#Cc1ccccc1)C(=O)OC,CC=C=C(c1ccc(Cl)cc1)C(O)(C(=O)OC)C(=O)OC,O.O.O.O.O.O.[Ni+2].[O-][Cl+3]([O-])([O-])[O-].[O-][Cl+3]([O-])([O-])[O-],CC(C)c1cc(C(C)C)c(NC(=O)[C@@H]2CCCC[N@@+]2([O-])CCC[N@+]2([O-])CCCC[C@H]2C(=O)Nc2c(C(C)C)cc(C(C)C)cc2C(C)C)c(C(C)C)c1,CCOC(C)=O,,CCN(CC)CC,,,0.47,R,,1,,0.1,1,2.0,,True,Ni,,,,60,,"O,O,O,O",,"dimethyl (R)-2-(1-(4-chlorophenyl)buta-1,2-dien-1-yl)-2-hydroxymalonate",50,"Org. Lett. 2020, 22, 2692",4.0,0.3,,10,72,,1.2,0.95,,S,,0.0,2,10.1021/acs.orglett.0c00649,,
60,COC(=O)C(OC(C)C#Cc1ccccc1C)C(=O)OC,,COC(=O)C(O[C@@H](C)C#Cc1ccccc1)C(=O)OC,CC=C=C(c1ccccc1C)C(O)(C(=O)OC)C(=O)OC,O.O.O.O.O.O.[Ni+2].[O-][Cl+3]([O-])([O-])[O-].[O-][Cl+3]([O-])([O-])[O-],CC(C)c1cc(C(C)C)c(NC(=O)[C@@H]2CCCC[N@@+]2([O-])CCC[N@+]2([O-])CCCC[C@H]2C(=O)Nc2c(C(C)C)cc(C(C)C)cc2C(C)C)c(C(C)C)c1,CCOC(C)=O,,CCN(CC)CC,,,0.44,R,,1,,0.1,1,2.0,,True,Ni,,,,61,,"O,O,O,O",,"dimethyl (R)-2-hydroxy-2-(1-(o-tolyl)buta-1,2-dien-1-yl)malonate",50,"Org. Lett. 2020, 22, 2692",4.0,0.3,,10,166,,1.2,0.99,,S,,0.0,2,10.1021/acs.orglett.0c00649,,
61,COC(=O)C(OC(C)C#Cc1cccc(C)c1)C(=O)OC,,COC(=O)C(O[C@@H](C)C#Cc1ccccc1)C(=O)OC,CC=C=C(c1cccc(C)c1)C(O)(C(=O)OC)C(=O)OC,O.O.O.O.O.O.[Ni+2].[O-][Cl+3]([O-])([O-])[O-].[O-][Cl+3]([O-])([O-])[O-],CC(C)c1cc(C(C)C)c(NC(=O)[C@@H]2CCCC[N@@+]2([O-])CCC[N@+]2([O-])CCCC[C@H]2C(=O)Nc2c(C(C)C)cc(C(C)C)cc2C(C)C)c(C(C)C)c1,CCOC(C)=O,,CCN(CC)CC,,,0.43,R,,1,,0.1,1,2.0,,True,Ni,,,,62,,"O,O,O,O",,"dimethyl (R)-2-hydroxy-2-(1-(m-tolyl)buta-1,2-dien-1-yl)malonate",50,"Org. Lett. 2020, 22, 2692",4.0,0.3,,10,166,,1.2,0.98,,S,,0.0,2,10.1021/acs.orglett.0c00649,,
62,COC(=O)C(OC(C)C#Cc1ccc(C)cc1)C(=O)OC,,COC(=O)C(O[C@@H](C)C#Cc1ccccc1)C(=O)OC,CC=C=C(c1ccc(C)cc1)C(O)(C(=O)OC)C(=O)OC,O.O.O.O.O.O.[Ni+2].[O-][Cl+3]([O-])([O-])[O-].[O-][Cl+3]([O-])([O-])[O-],CC(C)c1cc(C(C)C)c(NC(=O)[C@@H]2CCCC[N@@+]2([O-])CCC[N@+]2([O-])CCCC[C@H]2C(=O)Nc2c(C(C)C)cc(C(C)C)cc2C(C)C)c(C(C)C)c1,CCOC(C)=O,,CCN(CC)CC,,,0.45,R,,1,,0.1,1,2.0,,True,Ni,,,,63,,"O,O,O,O",,"dimethyl (R)-2-hydroxy-2-(1-(p-tolyl)buta-1,2-dien-1-yl)malonate",50,"Org. Lett. 2020, 22, 2692",4.0,0.3,,10,166,,1.2,0.97,,S,,0.0,2,10.1021/acs.orglett.0c00649,,
63,COC(=O)C(OC(C)C#Cc1ccc(OC)cc1)C(=O)OC,,COC(=O)C(O[C@@H](C)C#Cc1ccccc1)C(=O)OC,CC=C=C(c1ccc(OC)cc1)C(O)(C(=O)OC)C(=O)OC,O.O.O.O.O.O.[Ni+2].[O-][Cl+3]([O-])([O-])[O-].[O-][Cl+3]([O-])([O-])[O-],CC(C)c1cc(C(C)C)c(NC(=O)[C@@H]2CCCC[N@@+]2([O-])CCC[N@+]2([O-])CCCC[C@H]2C(=O)Nc2c(C(C)C)cc(C(C)C)cc2C(C)C)c(C(C)C)c1,CCOC(C)=O,,CCN(CC)CC,,,0.42,R,,1,,0.1,1,2.0,,True,Ni,,,,64,,"O,O,O,O",,"dimethyl (R)-2-hydroxy-2-(1-(4-methoxyphenyl)buta-1,2-dien-1-yl)malonate",50,"Org. Lett. 2020, 22, 2692",4.0,0.3,,10,30,,1.2,0.98,,S,,0.0,2,10.1021/acs.orglett.0c00649,,
64,COC(=O)c1ccc(C#CC(C)OC(C(=O)OC)C(=O)OC)cc1,,COC(=O)C(O[C@@H](C)C#Cc1ccccc1)C(=O)OC,CC=C=C(c1ccc(C(=O)OC)cc1)C(O)(C(=O)OC)C(=O)OC,O.O.O.O.O.O.[Ni+2].[O-][Cl+3]([O-])([O-])[O-].[O-][Cl+3]([O-])([O-])[O-],CC(C)c1cc(C(C)C)c(NC(=O)[C@@H]2CCCC[N@@+]2([O-])CCC[N@+]2([O-])CCCC[C@H]2C(=O)Nc2c(C(C)C)cc(C(C)C)cc2C(C)C)c(C(C)C)c1,CCOC(C)=O,,CCN(CC)CC,,,0.42,R,,1,,0.1,1,2.0,,True,Ni,,,,65,,"O,O,O,O",,"dimethyl (R)-2-hydroxy-2-(1-(4-(methoxycarbonyl)phenyl)buta-1,2-dien-1-yl)malonate",50,"Org. Lett. 2020, 22, 2692",4.0,0.3,,10,96,,1.2,0.94,,S,,0.0,2,10.1021/acs.orglett.0c00649,,
65,COC(=O)C(OC(C)C#Cc1ccc(C(F)(F)F)cc1)C(=O)OC,,COC(=O)C(O[C@@H](C)C#Cc1ccccc1)C(=O)OC,CC=C=C(c1ccc(C(F)(F)F)cc1)C(O)(C(=O)OC)C(=O)OC,O.O.O.O.O.O.[Ni+2].[O-][Cl+3]([O-])([O-])[O-].[O-][Cl+3]([O-])([O-])[O-],CC(C)c1cc(C(C)C)c(NC(=O)[C@@H]2CCCC[N@@+]2([O-])CCC[N@+]2([O-])CCCC[C@H]2C(=O)Nc2c(C(C)C)cc(C(C)C)cc2C(C)C)c(C(C)C)c1,CCOC(C)=O,,CCN(CC)CC,,,0.44,R,,1,,0.1,1,2.0,,True,Ni,,,,66,,"O,O,O,O",,"dimethyl (R)-2-hydroxy-2-(1-(4-(trifluoromethyl)phenyl)buta-1,2-dien-1-yl)malonate",50,"Org. Lett. 2020, 22, 2692",4.0,0.3,,10,136,,1.2,0.91,,S,,0.0,2,10.1021/acs.orglett.0c00649,,
66,COC(=O)C(OC(C)C#Cc1cccc2ccccc12)C(=O)OC,,COC(=O)C(O[C@@H](C)C#Cc1ccccc1)C(=O)OC,CC=C=C(c1cccc2ccccc12)C(O)(C(=O)OC)C(=O)OC,O.O.O.O.O.O.[Ni+2].[O-][Cl+3]([O-])([O-])[O-].[O-][Cl+3]([O-])([O-])[O-],CC(C)c1cc(C(C)C)c(NC(=O)[C@@H]2CCCC[N@@+]2([O-])CCC[N@+]2([O-])CCCC[C@H]2C(=O)Nc2c(C(C)C)cc(C(C)C)cc2C(C)C)c(C(C)C)c1,CCOC(C)=O,,CCN(CC)CC,,,0.38,R,,1,,0.1,1,2.0,,True,Ni,,,,67,,"O,O,O,O",,"dimethyl (R)-2-hydroxy-2-(1-(naphthalen-1-yl)buta-1,2-dien-1-yl)malonate",50,"Org. Lett. 2020, 22, 2692",4.0,0.3,,10,136,,1.2,0.9,,S,,0.0,2,10.1021/acs.orglett.0c00649,,
67,COC(=O)C(OC(C)C#Cc1cccs1)C(=O)OC,,COC(=O)C(O[C@@H](C)C#Cc1ccccc1)C(=O)OC,COC(=O)C(O)(C(=O)OC)C(=C=CC(C)C)c1cccs1,O.O.O.O.O.O.[Ni+2].[O-][Cl+3]([O-])([O-])[O-].[O-][Cl+3]([O-])([O-])[O-],CC(C)c1cc(C(C)C)c(NC(=O)[C@@H]2CCCC[N@@+]2([O-])CCC[N@+]2([O-])CCCC[C@H]2C(=O)Nc2c(C(C)C)cc(C(C)C)cc2C(C)C)c(C(C)C)c1,CCOC(C)=O,,CCN(CC)CC,,,0.49,S,,1,,0.1,1,2.0,,True,Ni,,,,68,,"O,O,O,O",,"dimethyl (S)-2-hydroxy-2-(4-methyl-1-(thiophen-2-yl)penta-1,2-dien-1-yl)malonate",50,"Org. Lett. 2020, 22, 2692",4.0,0.3,,10,64,,1.2,0.95,,S,,0.0,2,10.1021/acs.orglett.0c00649,,
68,COC(=O)C(OC(C#Cc1ccccc1)C(C)C)C(=O)OC,,COC(=O)C(O[C@@H](C)C#Cc1ccccc1)C(=O)OC,COC(=O)C(O)(C(=O)OC)C(=C=CC(C)C)c1ccccc1,O.O.O.O.O.O.[Ni+2].[O-][Cl+3]([O-])([O-])[O-].[O-][Cl+3]([O-])([O-])[O-],CC(C)c1cc(C(C)C)c(NC(=O)[C@@H]2CCCC[N@@+]2([O-])CCC[N@+]2([O-])CCCC[C@H]2C(=O)Nc2c(C(C)C)cc(C(C)C)cc2C(C)C)c(C(C)C)c1,CCOC(C)=O,,CCN(CC)CC,,,0.35,R,,1,,0.1,1,2.0,,True,Ni,,,,69,,"O,O,O,O",,"dimethyl (R)-2-hydroxy-2-(4-methyl-1-phenylpenta-1,2-dien-1-yl)malonate",50,"Org. Lett. 2020, 22, 2692",4.0,0.3,,10,184,,1.2,0.97,,S,,0.0,2,10.1021/acs.orglett.0c00649,,
69,CCCCC(C#Cc1ccccc1)OC(C(=O)OC)C(=O)OC,,COC(=O)C(O[C@@H](C)C#Cc1ccccc1)C(=O)OC,CCCCC=C=C(c1ccccc1)C(O)(C(=O)OC)C(=O)OC,O.O.O.O.O.O.[Ni+2].[O-][Cl+3]([O-])([O-])[O-].[O-][Cl+3]([O-])([O-])[O-],CC(C)c1cc(C(C)C)c(NC(=O)[C@@H]2CCCC[N@@+]2([O-])CCC[N@+]2([O-])CCCC[C@H]2C(=O)Nc2c(C(C)C)cc(C(C)C)cc2C(C)C)c(C(C)C)c1,CCOC(C)=O,,CCN(CC)CC,,,0.48,R,,1,,0.1,1,2.0,,True,Ni,,,,70,,"O,O,O,O",,"dimethyl (R)-2-hydroxy-2-(1-phenylhepta-1,2-dien-1-yl)malonate",50,"Org. Lett. 2020, 22, 2692",4.0,0.3,,10,96,,1.2,0.98,,S,,0.0,2,10.1021/acs.orglett.0c00649,,
70,COC(=O)C(OC(C#Cc1ccccc1)Cc1ccccc1)C(=O)OC,,COC(=O)C(O[C@@H](C)C#Cc1ccccc1)C(=O)OC,COC(=O)C(O)(C(=O)OC)C(=C=CCc1ccccc1)c1ccccc1,O.O.O.O.O.O.[Ni+2].[O-][Cl+3]([O-])([O-])[O-].[O-][Cl+3]([O-])([O-])[O-],CC(C)c1cc(C(C)C)c(NC(=O)[C@@H]2CCCC[N@@+]2([O-])CCC[N@+]2([O-])CCCC[C@H]2C(=O)Nc2c(C(C)C)cc(C(C)C)cc2C(C)C)c(C(C)C)c1,CCOC(C)=O,,CCN(CC)CC,,,0.47,R,,1,,0.1,1,2.0,,True,Ni,,,,71,,"O,O,O,O",,"dimethyl (R)-2-(1,4-diphenylbuta-1,2-dien-1-yl)-2-hydroxymalonate",50,"Org. Lett. 2020, 22, 2692",4.0,0.3,,10,138,,1.2,0.96,,S,,0.0,2,10.1021/acs.orglett.0c00649,,
