,Reactant SMILES,Reactant SMILES_2,Product SMILES,Product SMILES_2,Catalyst SMILES,Ligand SMILES,Solvent SMILES,Solvent SMILES_2,Additive SMILES,Additive SMILES_2,Additive SMILES_s2,Ref.(DOI),pdf name (don't include '.pdf'),L/M 1,S/C 1,Reaction Temperature/C,dr 1,Ammount of additive 1,Product 1 R or S,Ammount of additive 2,"Molecular Sieve(3A, 4A, 5A)",Yield 1,Solvent 1 ammount(mL),Charge of Ligand 1,Type of Coordination Atoms,Central Metal of Catalyst 1,Ligand 1 Type,Number of Coordination Atoms,Ammount of reactant 1(mmol),Ammount of Molecular Sieve(mg),Pre catalyst 1(True or False),Reaction ID,Yield 2,Valence of Central Metal 1,"Other information(use ""-"" to split, eg. 'property1-property2')",Product 2 R or S,Pressure/atm,ee 1,ee 2,Reaction Time/h,Reaction Type,Solvent Ratio,Ammount of reactant 2(mmol)
0,CC(C#CC1=CC=CC=C1)OC(C(OC)=O)C(OC)=O,,C[C@](C#CC1=CC=CC=C1)([H])OC(C(OC)=O)C(OC)=O,OC(C(C1=CC=CC=C1)=[C@]=C([H])C)(C(OC)=O)C(OC)=O,O=S(C(F)(F)F)([O-])=O.O=S(C(F)(F)F)([O-])=O.O=S(C(F)(F)F)([O-])=O.[Sc+3],O=C(N(C(C1=CC=CC=C1)C2=CC=CC=C2)[H])[C@H]3[N@@+]([O-])(CCCC3)CCC[N@@+]4([O-])[C@@H](CCCC4)C(N(C(C5=CC=CC=C5)C6=CC=CC=C6)[H])=O,CC(OCC)=O,,CCN(CC)CC,,,10.1021/acs.orglett.0c00649,"Org. Lett. 2020, 22, 2692",1,10,50,,1.2,S,,,,1.0,0.0,"O,O,O,O",Sc,,4.0,0.1,,True,1,NR,3.0,,R,1,,,48,2,,
1,CC(C#CC1=CC=CC=C1)OC(C(OC)=O)C(OC)=O,,C[C@](C#CC1=CC=CC=C1)([H])OC(C(OC)=O)C(OC)=O,OC(C(C1=CC=CC=C1)=[C@]=C([H])C)(C(OC)=O)C(OC)=O,O=S(C(F)(F)F)([O-])=O.O=S(C(F)(F)F)([O-])=O.[Ni+2],O=C(N(C(C1=CC=CC=C1)C2=CC=CC=C2)[H])[C@H]3[N@@+]([O-])(CCCC3)CCC[N@@+]4([O-])[C@@H](CCCC4)C(N(C(C5=CC=CC=C5)C6=CC=CC=C6)[H])=O,CC(OCC)=O,,CCN(CC)CC,,,10.1021/acs.orglett.0c00649,"Org. Lett. 2020, 22, 2692",1,10,50,,1.2,S,,,0.14,1.0,0.0,"O,O,O,O",Ni,,4.0,0.1,,True,2,0.29,2.0,,R,1,,0.92,48,2,,
2,CC(C#CC1=CC=CC=C1)OC(C(OC)=O)C(OC)=O,,C[C@](C#CC1=CC=CC=C1)([H])OC(C(OC)=O)C(OC)=O,OC(C(C1=CC=CC=C1)=[C@]=C([H])C)(C(OC)=O)C(OC)=O,O=S(C(F)(F)F)([O-])=O.O=S(C(F)(F)F)([O-])=O.[Cu+2],O=C(N(C(C1=CC=CC=C1)C2=CC=CC=C2)[H])[C@H]3[N@@+]([O-])(CCCC3)CCC[N@@+]4([O-])[C@@H](CCCC4)C(N(C(C5=CC=CC=C5)C6=CC=CC=C6)[H])=O,CC(OCC)=O,,CCN(CC)CC,,,10.1021/acs.orglett.0c00649,"Org. Lett. 2020, 22, 2692",1,10,50,,1.2,S,,,,1.0,0.0,"O,O,O,O",Cu,,4.0,0.1,,True,3,NR,2.0,,R,1,,,48,2,,
3,CC(C#CC1=CC=CC=C1)OC(C(OC)=O)C(OC)=O,,C[C@](C#CC1=CC=CC=C1)([H])OC(C(OC)=O)C(OC)=O,OC(C(C1=CC=CC=C1)=[C@]=C([H])C)(C(OC)=O)C(OC)=O,O=S(C(F)(F)F)([O-])=O.O=S(C(F)(F)F)([O-])=O.[Zn+2],O=C(N(C(C1=CC=CC=C1)C2=CC=CC=C2)[H])[C@H]3[N@@+]([O-])(CCCC3)CCC[N@@+]4([O-])[C@@H](CCCC4)C(N(C(C5=CC=CC=C5)C6=CC=CC=C6)[H])=O,CC(OCC)=O,,CCN(CC)CC,,,10.1021/acs.orglett.0c00649,"Org. Lett. 2020, 22, 2692",1,10,50,,1.2,S,,,,1.0,0.0,"O,O,O,O",Zn,,4.0,0.1,,True,4,NR,2.0,,R,1,,,48,2,,
4,CC(C#CC1=CC=CC=C1)OC(C(OC)=O)C(OC)=O,,C[C@](C#CC1=CC=CC=C1)([H])OC(C(OC)=O)C(OC)=O,OC(C(C1=CC=CC=C1)=[C@]=C([H])C)(C(OC)=O)C(OC)=O,O=S(C(F)(F)F)([O-])=O.O=S(C(F)(F)F)([O-])=O.O=S(C(F)(F)F)([O-])=O.[La+3],O=C(N(C(C1=CC=CC=C1)C2=CC=CC=C2)[H])[C@H]3[N@@+]([O-])(CCCC3)CCC[N@@+]4([O-])[C@@H](CCCC4)C(N(C(C5=CC=CC=C5)C6=CC=CC=C6)[H])=O,CC(OCC)=O,,CCN(CC)CC,,,10.1021/acs.orglett.0c00649,"Org. Lett. 2020, 22, 2692",1,10,50,,1.2,S,,,,1.0,0.0,"O,O,O,O",La,,4.0,0.1,,True,5,NR,3.0,,R,1,,,48,2,,
5,CC(C#CC1=CC=CC=C1)OC(C(OC)=O)C(OC)=O,,C[C@](C#CC1=CC=CC=C1)([H])OC(C(OC)=O)C(OC)=O,OC(C(C1=CC=CC=C1)=[C@]=C([H])C)(C(OC)=O)C(OC)=O,O=S(C(F)(F)F)([O-])=O.O=S(C(F)(F)F)([O-])=O.[Mg+2],O=C(N(C(C1=CC=CC=C1)C2=CC=CC=C2)[H])[C@H]3[N@@+]([O-])(CCCC3)CCC[N@@+]4([O-])[C@@H](CCCC4)C(N(C(C5=CC=CC=C5)C6=CC=CC=C6)[H])=O,CC(OCC)=O,,CCN(CC)CC,,,10.1021/acs.orglett.0c00649,"Org. Lett. 2020, 22, 2692",1,10,50,,1.2,S,,,,1.0,0.0,"O,O,O,O",Mg,,4.0,0.1,,True,6,NR,2.0,,R,1,,,48,2,,
6,CC(C#CC1=CC=CC=C1)OC(C(OC)=O)C(OC)=O,,C[C@](C#CC1=CC=CC=C1)([H])OC(C(OC)=O)C(OC)=O,OC(C(C1=CC=CC=C1)=[C@]=C([H])C)(C(OC)=O)C(OC)=O,O=S([O-])(C(F)(F)F)=O.O=S([O-])(C(F)(F)F)=O.O=S([O-])(C(F)(F)F)=O.[Yb+3],O=C(N(C(C1=CC=CC=C1)C2=CC=CC=C2)[H])[C@H]3[N@@+]([O-])(CCCC3)CCC[N@@+]4([O-])[C@@H](CCCC4)C(N(C(C5=CC=CC=C5)C6=CC=CC=C6)[H])=O,CC(OCC)=O,,CCN(CC)CC,,,10.1021/acs.orglett.0c00649,"Org. Lett. 2020, 22, 2692",1,10,50,,1.2,S,,,,1.0,0.0,"O,O,O,O",Yb,,4.0,0.1,,True,7,NR,3.0,,R,1,,,48,2,,
7,CC(C#CC1=CC=CC=C1)OC(C(OC)=O)C(OC)=O,,C[C@](C#CC1=CC=CC=C1)([H])OC(C(OC)=O)C(OC)=O,OC(C(C1=CC=CC=C1)=[C@]=C([H])C)(C(OC)=O)C(OC)=O,O=S(C(F)(F)F)([O-])=O.O=S(C(F)(F)F)([O-])=O.[Ca+2],O=C(N(C(C1=CC=CC=C1)C2=CC=CC=C2)[H])[C@H]3[N@@+]([O-])(CCCC3)CCC[N@@+]4([O-])[C@@H](CCCC4)C(N(C(C5=CC=CC=C5)C6=CC=CC=C6)[H])=O,CC(OCC)=O,,CCN(CC)CC,,,10.1021/acs.orglett.0c00649,"Org. Lett. 2020, 22, 2692",1,10,50,,1.2,S,,,,1.0,0.0,"O,O,O,O",Ca,,4.0,0.1,,True,8,NR,2.0,,R,1,,,48,2,,
8,CC(C#CC1=CC=CC=C1)OC(C(OC)=O)C(OC)=O,,C[C@](C#CC1=CC=CC=C1)([H])OC(C(OC)=O)C(OC)=O,OC(C(C1=CC=CC=C1)=[C@]=C([H])C)(C(OC)=O)C(OC)=O,O=Cl(=O)([O-])=O.O=Cl(=O)([O-])=O.[H]O[H].[H]O[H].[H]O[H].[H]O[H].[H]O[H].[H]O[H].[Co+2],O=C(N(C(C1=CC=CC=C1)C2=CC=CC=C2)[H])[C@H]3[N@@+]([O-])(CCCC3)CCC[N@@+]4([O-])[C@@H](CCCC4)C(N(C(C5=CC=CC=C5)C6=CC=CC=C6)[H])=O,CC(OCC)=O,,CCN(CC)CC,,,10.1021/acs.orglett.0c00649,"Org. Lett. 2020, 22, 2692",1,10,50,,1.2,S,,,0.59,1.0,0.0,"O,O,O,O",Co,,4.0,0.1,,True,9,trace,2.0,,R,1,,0.86,48,2,,
9,CC(C#CC1=CC=CC=C1)OC(C(OC)=O)C(OC)=O,,C[C@](C#CC1=CC=CC=C1)([H])OC(C(OC)=O)C(OC)=O,OC(C(C1=CC=CC=C1)=[C@]=C([H])C)(C(OC)=O)C(OC)=O,O=Cl(=O)([O-])=O.O=Cl(=O)([O-])=O.[H]O[H].[H]O[H].[H]O[H].[H]O[H].[H]O[H].[H]O[H].[Ni+2],O=C(N(C(C1=CC=CC=C1)C2=CC=CC=C2)[H])[C@H]3[N@@+]([O-])(CCCC3)CCC[N@@+]4([O-])[C@@H](CCCC4)C(N(C(C5=CC=CC=C5)C6=CC=CC=C6)[H])=O,CC(OCC)=O,,CCN(CC)CC,,,10.1021/acs.orglett.0c00649,"Org. Lett. 2020, 22, 2692",1,10,50,,1.2,S,,,0.19,1.0,0.0,"O,O,O,O",Ni,,4.0,0.1,,True,10,0.25,2.0,,R,1,,0.93,48,2,,
10,CC(C#CC1=CC=CC=C1)OC(C(OC)=O)C(OC)=O,,C[C@](C#CC1=CC=CC=C1)([H])OC(C(OC)=O)C(OC)=O,OC(C(C1=CC=CC=C1)=[C@]=C([H])C)(C(OC)=O)C(OC)=O,F[B-](F)(F)F.F[B-](F)(F)F.[H]O[H].[H]O[H].[H]O[H].[H]O[H].[H]O[H].[H]O[H].[Ni+2],O=C(N(C(C1=CC=CC=C1)C2=CC=CC=C2)[H])[C@H]3[N@@+]([O-])(CCCC3)CCC[N@@+]4([O-])[C@@H](CCCC4)C(N(C(C5=CC=CC=C5)C6=CC=CC=C6)[H])=O,CC(OCC)=O,,CCN(CC)CC,,,10.1021/acs.orglett.0c00649,"Org. Lett. 2020, 22, 2692",1,10,50,,1.2,S,,,0.16,1.0,0.0,"O,O,O,O",Ni,,4.0,0.1,,True,11,0.3,2.0,,R,1,,0.91,48,2,,
11,CC(C#CC1=CC=CC=C1)OC(C(OC)=O)C(OC)=O,,C[C@](C#CC1=CC=CC=C1)([H])OC(C(OC)=O)C(OC)=O,OC(C(C1=CC=CC=C1)=[C@]=C([H])C)(C(OC)=O)C(OC)=O,CC(/C=C([O-])\C)=O.[O-]/C(C)=C/C(C)=O.[Ni+2],O=C(N(C(C1=CC=CC=C1)C2=CC=CC=C2)[H])[C@H]3[N@@+]([O-])(CCCC3)CCC[N@@+]4([O-])[C@@H](CCCC4)C(N(C(C5=CC=CC=C5)C6=CC=CC=C6)[H])=O,CC(OCC)=O,,CCN(CC)CC,,,10.1021/acs.orglett.0c00649,"Org. Lett. 2020, 22, 2692",1,10,50,,1.2,S,,,,1.0,0.0,"O,O,O,O",Ni,,4.0,0.1,,True,12,NR,2.0,,R,1,,,48,2,,
12,CC(C#CC1=CC=CC=C1)OC(C(OC)=O)C(OC)=O,,C[C@](C#CC1=CC=CC=C1)([H])OC(C(OC)=O)C(OC)=O,OC(C(C1=CC=CC=C1)=[C@]=C([H])C)(C(OC)=O)C(OC)=O,[Ni+2].[Cl-].[Cl-],O=C(N(C(C1=CC=CC=C1)C2=CC=CC=C2)[H])[C@H]3[N@@+]([O-])(CCCC3)CCC[N@@+]4([O-])[C@@H](CCCC4)C(N(C(C5=CC=CC=C5)C6=CC=CC=C6)[H])=O,CC(OCC)=O,,CCN(CC)CC,,,10.1021/acs.orglett.0c00649,"Org. Lett. 2020, 22, 2692",1,10,50,,1.2,S,,,,1.0,0.0,"O,O,O,O",Ni,,4.0,0.1,,True,13,NR,2.0,,R,1,,,48,2,,
13,CC(C#CC1=CC=CC=C1)OC(C(OC)=O)C(OC)=O,,C[C@](C#CC1=CC=CC=C1)([H])OC(C(OC)=O)C(OC)=O,OC(C(C1=CC=CC=C1)=[C@]=C([H])C)(C(OC)=O)C(OC)=O,FC(F)(S(=O)([N-]S(=O)(C(F)(F)F)=O)=O)F.FC(F)(S(=O)([N-]S(=O)(C(F)(F)F)=O)=O)F.[Ni+2],O=C(N(C(C1=CC=CC=C1)C2=CC=CC=C2)[H])[C@H]3[N@@+]([O-])(CCCC3)CCC[N@@+]4([O-])[C@@H](CCCC4)C(N(C(C5=CC=CC=C5)C6=CC=CC=C6)[H])=O,CC(OCC)=O,,CCN(CC)CC,,,10.1021/acs.orglett.0c00649,"Org. Lett. 2020, 22, 2692",1,10,50,,1.2,S,,,0.0,1.0,0.0,"O,O,O,O",Ni,,4.0,0.1,,True,14,NR,2.0,,R,1,,,48,2,,
14,CC(C#CC1=CC=CC=C1)OC(C(OC)=O)C(OC)=O,,C[C@](C#CC1=CC=CC=C1)([H])OC(C(OC)=O)C(OC)=O,OC(C(C1=CC=CC=C1)=[C@]=C([H])C)(C(OC)=O)C(OC)=O,CC([O-])=O.CC([O-])=O.[H]O[H].[H]O[H].[H]O[H].[H]O[H].[Ni+2],O=C(N(C(C1=CC=CC=C1)C2=CC=CC=C2)[H])[C@H]3[N@@+]([O-])(CCCC3)CCC[N@@+]4([O-])[C@@H](CCCC4)C(N(C(C5=CC=CC=C5)C6=CC=CC=C6)[H])=O,CC(OCC)=O,,CCN(CC)CC,,,10.1021/acs.orglett.0c00649,"Org. Lett. 2020, 22, 2692",1,10,50,,1.2,S,,,,1.0,0.0,"O,O,O,O",Ni,,4.0,0.1,,True,15,NR,2.0,,R,1,,,48,2,,
15,CC(C#CC1=CC=CC=C1)OC(C(OC)=O)C(OC)=O,,C[C@](C#CC1=CC=CC=C1)([H])OC(C(OC)=O)C(OC)=O,OC(C(C1=CC=CC=C1)=[C@]=C([H])C)(C(OC)=O)C(OC)=O,O=S(C(F)(F)F)([O-])=O.O=S(C(F)(F)F)([O-])=O.[Ni+2],O=C(N([H])C1=CC=C(C23CC4CC(C3)CC(C4)C2)C=C1)[C@H]5[N@@+]([O-])(CCCC5)CCC[N@@+]6([O-])[C@@H](CCCC6)C(N([H])C7=CC=C(C89CC%10CC(C9)CC(C%10)C8)C=C7)=O,CC(OCC)=O,,CCN(CC)CC,,,10.1021/acs.orglett.0c00649,"Org. Lett. 2020, 22, 2692",1,10,50,,1.2,S,,,,1.0,0.0,"O,O,O,O",Ni,,4.0,0.1,,True,16,NR,2.0,,R,1,,,48,2,,
16,CC(C#CC1=CC=CC=C1)OC(C(OC)=O)C(OC)=O,,C[C@](C#CC1=CC=CC=C1)([H])OC(C(OC)=O)C(OC)=O,OC(C(C1=CC=CC=C1)=[C@]=C([H])C)(C(OC)=O)C(OC)=O,O=S(C(F)(F)F)([O-])=O.O=S(C(F)(F)F)([O-])=O.[Ni+2],O=C(N([C@@H](C)C1=CC=CC=C1)[H])[C@H]2[N@@+]([O-])(CCCC2)CCC[N@@+]3([O-])[C@@H](CCCC3)C(N([C@H](C4=CC=CC=C4)C)[H])=O,CC(OCC)=O,,CCN(CC)CC,,,10.1021/acs.orglett.0c00649,"Org. Lett. 2020, 22, 2692",1,10,50,,1.2,S,,,,1.0,0.0,"O,O,O,O",Ni,,4.0,0.1,,True,17,trace,2.0,,R,1,,,48,2,,
17,CC(C#CC1=CC=CC=C1)OC(C(OC)=O)C(OC)=O,,C[C@](C#CC1=CC=CC=C1)([H])OC(C(OC)=O)C(OC)=O,OC(C(C1=CC=CC=C1)=[C@]=C([H])C)(C(OC)=O)C(OC)=O,O=S(C(F)(F)F)([O-])=O.O=S(C(F)(F)F)([O-])=O.[Ni+2],O=C(N(C1CCCCC1)[H])[C@H]2[N@@+]([O-])(CCCC2)CCC[N@@+]3([O-])[C@@H](CCCC3)C(N(C4CCCCC4)[H])=O,CC(OCC)=O,,CCN(CC)CC,,,10.1021/acs.orglett.0c00649,"Org. Lett. 2020, 22, 2692",1,10,50,,1.2,S,,,0.46,1.0,0.0,"O,O,O,O",Ni,,4.0,0.1,,True,18,0.17,2.0,,R,1,,0.96,48,2,,
18,CC(C#CC1=CC=CC=C1)OC(C(OC)=O)C(OC)=O,,C[C@](C#CC1=CC=CC=C1)([H])OC(C(OC)=O)C(OC)=O,OC(C(C1=CC=CC=C1)=[C@]=C([H])C)(C(OC)=O)C(OC)=O,O=S(C(F)(F)F)([O-])=O.O=S(C(F)(F)F)([O-])=O.[Ni+2],O=C(N([H])C1=C(C)C=CC=C1C)[C@H]2[N@@+]([O-])(CCCC2)CCC[N@@+]3([O-])[C@@H](CCCC3)C(N([H])C4=C(C)C=CC=C4C)=O,CC(OCC)=O,,CCN(CC)CC,,,10.1021/acs.orglett.0c00649,"Org. Lett. 2020, 22, 2692",1,10,50,,1.2,S,,,0.83,1.0,0.0,"O,O,O,O",Ni,,4.0,0.1,,True,19,0.05,2.0,,R,1,,0.95,48,2,,
19,CC(C#CC1=CC=CC=C1)OC(C(OC)=O)C(OC)=O,,C[C@](C#CC1=CC=CC=C1)([H])OC(C(OC)=O)C(OC)=O,OC(C(C1=CC=CC=C1)=[C@]=C([H])C)(C(OC)=O)C(OC)=O,O=S(C(F)(F)F)([O-])=O.O=S(C(F)(F)F)([O-])=O.[Ni+2],O=C(N([H])C1=C(C(C)C)C=CC=C1C(C)C)[C@H]2[N@@+]([O-])(CCCC2)CCC[N@@+]3([O-])[C@@H](CCCC3)C(N([H])C4=C(C(C)C)C=CC=C4C(C)C)=O,CC(OCC)=O,,CCN(CC)CC,,,10.1021/acs.orglett.0c00649,"Org. Lett. 2020, 22, 2692",1,10,50,,1.2,S,,,0.83,1.0,0.0,"O,O,O,O",Ni,,4.0,0.1,,True,20,0.11,2.0,,R,1,,0.98,48,2,,
20,CC(C#CC1=CC=CC=C1)OC(C(OC)=O)C(OC)=O,,C[C@](C#CC1=CC=CC=C1)([H])OC(C(OC)=O)C(OC)=O,OC(C(C1=CC=CC=C1)=[C@]=C([H])C)(C(OC)=O)C(OC)=O,O=S(C(F)(F)F)([O-])=O.O=S(C(F)(F)F)([O-])=O.[Ni+2],O=C(N([H])C1=C(C(C)C)C=C(C(C)C)C=C1C(C)C)[C@H]2[N@@+]([O-])(CCCC2)CCC[N@@+]3([O-])[C@@H](CCCC3)C(N([H])C4=C(C(C)C)C=C(C(C)C)C=C4C(C)C)=O,CC(OCC)=O,,CCN(CC)CC,,,10.1021/acs.orglett.0c00649,"Org. Lett. 2020, 22, 2692",1,10,50,,1.2,S,,,0.88,1.0,0.0,"O,O,O,O",Ni,,4.0,0.1,,True,21,0.14,2.0,,R,1,,0.98,48,2,,
21,CC(C#CC1=CC=CC=C1)OC(C(OC)=O)C(OC)=O,,C[C@](C#CC1=CC=CC=C1)([H])OC(C(OC)=O)C(OC)=O,OC(C(C1=CC=CC=C1)=[C@]=C([H])C)(C(OC)=O)C(OC)=O,O=Cl(=O)([O-])=O.O=Cl(=O)([O-])=O.[H]O[H].[H]O[H].[H]O[H].[H]O[H].[H]O[H].[H]O[H].[Ni+2],O=C(N([H])C1=C(C(C)C)C=C(C(C)C)C=C1C(C)C)[C@H]2[N@@+]([O-])(CCCC2)CCC[N@@+]3([O-])[C@@H](CCCC3)C(N([H])C4=C(C(C)C)C=C(C(C)C)C=C4C(C)C)=O,CC(OCC)=O,,CCN(CC)CC,,,10.1021/acs.orglett.0c00649,"Org. Lett. 2020, 22, 2692",1,10,50,,1.2,S,,,0.74,1.0,0.0,"O,O,O,O",Ni,,4.0,0.1,,True,22,0.24,2.0,,R,1,,0.99,48,2,,
22,CC(C#CC1=CC=CC=C1)OC(C(OC)=O)C(OC)=O,,C[C@](C#CC1=CC=CC=C1)([H])OC(C(OC)=O)C(OC)=O,OC(C(C1=CC=CC=C1)=[C@]=C([H])C)(C(OC)=O)C(OC)=O,O=Cl(=O)([O-])=O.O=Cl(=O)([O-])=O.[H]O[H].[H]O[H].[H]O[H].[H]O[H].[H]O[H].[H]O[H].[Ni+2],O=C(N([H])C1=CC(C(C)(C)C)=CC(C(C)(C)C)=C1)[C@H]2[N@@+]([O-])(CCCC2)CCC[N@@+]3([O-])[C@@H](CCCC3)C(N([H])C4=CC(C(C)(C)C)=CC(C(C)(C)C)=C4)=O,CC(OCC)=O,,CCN(CC)CC,,,10.1021/acs.orglett.0c00649,"Org. Lett. 2020, 22, 2692",1,10,50,,1.2,S,,,0.18,0.3,0.0,"O,O,O,O",Ni,,4.0,0.1,,True,23,0.32,2.0,,R,1,,0.38,48,2,,
23,CC(C#CC1=CC=CC=C1)OC(C(OC)=O)C(OC)=O,,C[C@](C#CC1=CC=CC=C1)([H])OC(C(OC)=O)C(OC)=O,OC(C(C1=CC=CC=C1)=[C@]=C([H])C)(C(OC)=O)C(OC)=O,O=Cl(=O)([O-])=O.O=Cl(=O)([O-])=O.[H]O[H].[H]O[H].[H]O[H].[H]O[H].[H]O[H].[H]O[H].[Ni+2],O=C(N(C1=C(C(C)C)C=C(C(C)C)C=C1C(C)C)[H])[C@H]2[N@@+]([O-])([C@@H](CCC3)[C@@H]3C2)CCC[N@@+]4([O-])[C@@H](C[C@H]5[C@@H]4CCC5)C(N(C6=C(C(C)C)C=C(C(C)C)C=C6C(C)C)[H])=O,CC(OCC)=O,,CCN(CC)CC,,,10.1021/acs.orglett.0c00649,"Org. Lett. 2020, 22, 2692",1,10,50,,1.2,S,,,0.67,0.3,0.0,"O,O,O,O",Ni,,4.0,0.1,,True,24,0.16,2.0,,R,1,,0.84,48,2,,
24,CC(C#CC1=CC=CC=C1)OC(C(OC)=O)C(OC)=O,,C[C@](C#CC1=CC=CC=C1)([H])OC(C(OC)=O)C(OC)=O,OC(C(C1=CC=CC=C1)=[C@]=C([H])C)(C(OC)=O)C(OC)=O,O=S(C(F)(F)F)([O-])=O.O=S(C(F)(F)F)([O-])=O.[Ni+2],O=C(N(C1=C(C(C)C)C=C(C(C)C)C=C1C(C)C)[H])[C@H]2[N@@+]([O-])(CCC2)CCC[N@@+]3([O-])[C@@H](CCC3)C(N(C4=C(C(C)C)C=C(C(C)C)C=C4C(C)C)[H])=O,CC(OCC)=O,,CCN(CC)CC,,,10.1021/acs.orglett.0c00649,"Org. Lett. 2020, 22, 2692",1,10,50,,1.2,S,,,0.66,1.0,0.0,"O,O,O,O",Ni,,4.0,0.1,,True,25,0.2,2.0,,R,1,,0.96,48,2,,
25,CC(C#CC1=CC=CC=C1)OC(C(OC)=O)C(OC)=O,,C[C@](C#CC1=CC=CC=C1)([H])OC(C(OC)=O)C(OC)=O,OC(C(C1=CC=CC=C1)=[C@]=C([H])C)(C(OC)=O)C(OC)=O,O=Cl(=O)([O-])=O.O=Cl(=O)([O-])=O.[H]O[H].[H]O[H].[H]O[H].[H]O[H].[H]O[H].[H]O[H].[Ni+2],O=C(N([H])C1=C(C(C)C)C=C(C(C)C)C=C1C(C)C)[C@H]2[N@@+]([O-])(CCCC2)CCC[N@@+]3([O-])[C@@H](CCCC3)C(N([H])C4=C(C(C)C)C=C(C(C)C)C=C4C(C)C)=O,CC(OCC)=O,,CCN(CC)CC,,,10.1021/acs.orglett.0c00649,"Org. Lett. 2020, 22, 2692",1,10,50,,1.2,S,,,0.74,1.0,0.0,"O,O,O,O",Ni,,4.0,0.1,,True,26,0.24,2.0,,R,1,,0.99,48,2,,
26,CC(C#CC1=CC=CC=C1)OC(C(OC)=O)C(OC)=O,,C[C@](C#CC1=CC=CC=C1)([H])OC(C(OC)=O)C(OC)=O,OC(C(C1=CC=CC=C1)=[C@]=C([H])C)(C(OC)=O)C(OC)=O,O=Cl(=O)([O-])=O.O=Cl(=O)([O-])=O.[H]O[H].[H]O[H].[H]O[H].[H]O[H].[H]O[H].[H]O[H].[Ni+2],O=C(N([H])C1=C(C(C)C)C=C(C(C)C)C=C1C(C)C)[C@H]2[N@@+]([O-])(CCCC2)CCC[N@@+]3([O-])[C@@H](CCCC3)C(N([H])C4=C(C(C)C)C=C(C(C)C)C=C4C(C)C)=O,CC(OCC)=O,,CCN(CC)CC,,,10.1021/acs.orglett.0c00649,"Org. Lett. 2020, 22, 2692",1,10,50,,1.2,S,,,0.45,0.5,0.0,"O,O,O,O",Ni,,4.0,0.1,,True,27,0.3,2.0,,R,1,,0.99,48,2,,
27,CC(C#CC1=CC=CC=C1)OC(C(OC)=O)C(OC)=O,,C[C@](C#CC1=CC=CC=C1)([H])OC(C(OC)=O)C(OC)=O,OC(C(C1=CC=CC=C1)=[C@]=C([H])C)(C(OC)=O)C(OC)=O,O=Cl(=O)([O-])=O.O=Cl(=O)([O-])=O.[H]O[H].[H]O[H].[H]O[H].[H]O[H].[H]O[H].[H]O[H].[Ni+2],O=C(N([H])C1=C(C(C)C)C=C(C(C)C)C=C1C(C)C)[C@H]2[N@@+]([O-])(CCCC2)CCC[N@@+]3([O-])[C@@H](CCCC3)C(N([H])C4=C(C(C)C)C=C(C(C)C)C=C4C(C)C)=O,CC(OCC)=O,,CCN(CC)CC,,,10.1021/acs.orglett.0c00649,"Org. Lett. 2020, 22, 2692",1,10,50,,1.2,S,,,0.54,0.3,0.0,"O,O,O,O",Ni,,4.0,0.1,,True,28,0.46,2.0,,R,1,,0.98,48,2,,
28,CC(C#CC1=CC=CC=C1)OC(C(OC)=O)C(OC)=O,,C[C@](C#CC1=CC=CC=C1)([H])OC(C(OC)=O)C(OC)=O,OC(C(C1=CC=CC=C1)=[C@]=C([H])C)(C(OC)=O)C(OC)=O,O=Cl(=O)([O-])=O.O=Cl(=O)([O-])=O.[H]O[H].[H]O[H].[H]O[H].[H]O[H].[H]O[H].[H]O[H].[Ni+2],O=C(N([H])C1=C(C(C)C)C=C(C(C)C)C=C1C(C)C)[C@H]2[N@@+]([O-])(CCCC2)CCC[N@@+]3([O-])[C@@H](CCCC3)C(N([H])C4=C(C(C)C)C=C(C(C)C)C=C4C(C)C)=O,CC(OCC)=O,,CCN(CC)CC,,,10.1021/acs.orglett.0c00649,"Org. Lett. 2020, 22, 2692",1,10,50,,1.2,S,,,0.35,0.1,0.0,"O,O,O,O",Ni,,4.0,0.1,,True,29,0.32,2.0,,R,1,0.94,0.98,48,2,,
29,CC(C#CC1=CC=CC=C1)OC(C(OC)=O)C(OC)=O,,C[C@](C#CC1=CC=CC=C1)([H])OC(C(OC)=O)C(OC)=O,OC(C(C1=CC=CC=C1)=[C@]=C([H])C)(C(OC)=O)C(OC)=O,O=Cl(=O)([O-])=O.O=Cl(=O)([O-])=O.[H]O[H].[H]O[H].[H]O[H].[H]O[H].[H]O[H].[H]O[H].[Ni+2],O=C(N([H])C1=C(C(C)C)C=CC=C1C(C)C)[C@H]2[N@@+]([O-])(CCCC2)CCC[N@@+]3([O-])[C@@H](CCCC3)C(N([H])C4=C(C(C)C)C=CC=C4C(C)C)=O,CC(OCC)=O,,CCN(CC)CC,,,10.1021/acs.orglett.0c00649,"Org. Lett. 2020, 22, 2692",1,10,50,,1.2,S,,,0.55,0.3,0.0,"O,O,O,O",Ni,,4.0,0.1,,True,30,0.37,2.0,,R,1,,0.98,48,2,,
30,CC(C#CC1=CC=CC=C1)OC(C(OC)=O)C(OC)=O,,C[C@](C#CC1=CC=CC=C1)([H])OC(C(OC)=O)C(OC)=O,OC(C(C1=CC=CC=C1)=[C@]=C([H])C)(C(OC)=O)C(OC)=O,O=Cl(=O)([O-])=O.O=Cl(=O)([O-])=O.[H]O[H].[H]O[H].[H]O[H].[H]O[H].[H]O[H].[H]O[H].[Ni+2],O=C(N([H])C1=C(C(C)C)C=CC=C1C(C)C)[C@H]2[N@@+]([O-])(CCCC2)CCC[N@@+]3([O-])[C@@H](CCCC3)C(N([H])C4=C(C(C)C)C=CC=C4C(C)C)=O,CC1=CC=CC=C1,,CCN(CC)CC,,,10.1021/acs.orglett.0c00649,"Org. Lett. 2020, 22, 2692",1,10,50,,1.2,S,,,0.98,0.3,0.0,"O,O,O,O",Ni,,4.0,0.1,,True,31,NR,2.0,,R,1,,,48,2,,
31,CC(C#CC1=CC=CC=C1)OC(C(OC)=O)C(OC)=O,,C[C@](C#CC1=CC=CC=C1)([H])OC(C(OC)=O)C(OC)=O,OC(C(C1=CC=CC=C1)=[C@]=C([H])C)(C(OC)=O)C(OC)=O,O=Cl(=O)([O-])=O.O=Cl(=O)([O-])=O.[H]O[H].[H]O[H].[H]O[H].[H]O[H].[H]O[H].[H]O[H].[Ni+2],O=C(N([H])C1=C(C(C)C)C=CC=C1C(C)C)[C@H]2[N@@+]([O-])(CCCC2)CCC[N@@+]3([O-])[C@@H](CCCC3)C(N([H])C4=C(C(C)C)C=CC=C4C(C)C)=O,CO,,CCN(CC)CC,,,10.1021/acs.orglett.0c00649,"Org. Lett. 2020, 22, 2692",1,10,50,,1.2,S,,,0.98,0.3,0.0,"O,O,O,O",Ni,,4.0,0.1,,True,32,NR,2.0,,R,1,,,48,2,,
32,CC(C#CC1=CC=CC=C1)OC(C(OC)=O)C(OC)=O,,C[C@](C#CC1=CC=CC=C1)([H])OC(C(OC)=O)C(OC)=O,OC(C(C1=CC=CC=C1)=[C@]=C([H])C)(C(OC)=O)C(OC)=O,O=Cl(=O)([O-])=O.O=Cl(=O)([O-])=O.[H]O[H].[H]O[H].[H]O[H].[H]O[H].[H]O[H].[H]O[H].[Ni+2],O=C(N([H])C1=C(C(C)C)C=CC=C1C(C)C)[C@H]2[N@@+]([O-])(CCCC2)CCC[N@@+]3([O-])[C@@H](CCCC3)C(N([H])C4=C(C(C)C)C=CC=C4C(C)C)=O,CCCCCC,,CCN(CC)CC,,,10.1021/acs.orglett.0c00649,"Org. Lett. 2020, 22, 2692",1,10,50,,1.2,S,,,0.96,0.3,0.0,"O,O,O,O",Ni,,4.0,0.1,,True,33,,2.0,,R,1,,,48,2,,
33,CC(C#CC1=CC=CC=C1)OC(C(OC)=O)C(OC)=O,,C[C@](C#CC1=CC=CC=C1)([H])OC(C(OC)=O)C(OC)=O,OC(C(C1=CC=CC=C1)=[C@]=C([H])C)(C(OC)=O)C(OC)=O,O=Cl(=O)([O-])=O.O=Cl(=O)([O-])=O.[H]O[H].[H]O[H].[H]O[H].[H]O[H].[H]O[H].[H]O[H].[Ni+2],O=C(N([H])C1=C(C(C)C)C=CC=C1C(C)C)[C@H]2[N@@+]([O-])(CCCC2)CCC[N@@+]3([O-])[C@@H](CCCC3)C(N([H])C4=C(C(C)C)C=CC=C4C(C)C)=O,CC#N,,CCN(CC)CC,,,10.1021/acs.orglett.0c00649,"Org. Lett. 2020, 22, 2692",1,10,50,,1.2,S,,,0.48,0.3,0.0,"O,O,O,O",Ni,,4.0,0.1,,True,34,0.37,2.0,,R,1,,0.94,48,2,,
34,CC(C#CC1=CC=CC=C1)OC(C(OC)=O)C(OC)=O,,C[C@](C#CC1=CC=CC=C1)([H])OC(C(OC)=O)C(OC)=O,OC(C(C1=CC=CC=C1)=[C@]=C([H])C)(C(OC)=O)C(OC)=O,O=Cl(=O)([O-])=O.O=Cl(=O)([O-])=O.[H]O[H].[H]O[H].[H]O[H].[H]O[H].[H]O[H].[H]O[H].[Ni+2],O=C(N([H])C1=C(C(C)C)C=CC=C1C(C)C)[C@H]2[N@@+]([O-])(CCCC2)CCC[N@@+]3([O-])[C@@H](CCCC3)C(N([H])C4=C(C(C)C)C=CC=C4C(C)C)=O,O1CCCC1,,CCN(CC)CC,,,10.1021/acs.orglett.0c00649,"Org. Lett. 2020, 22, 2692",1,10,50,,1.2,S,,,0.91,0.3,0.0,"O,O,O,O",Ni,,4.0,0.1,,True,35,0.07,2.0,,R,1,,0.98,48,2,,
35,CC(C#CC1=CC=CC=C1)OC(C(OC)=O)C(OC)=O,,C[C@](C#CC1=CC=CC=C1)([H])OC(C(OC)=O)C(OC)=O,OC(C(C1=CC=CC=C1)=[C@]=C([H])C)(C(OC)=O)C(OC)=O,O=Cl(=O)([O-])=O.O=Cl(=O)([O-])=O.[H]O[H].[H]O[H].[H]O[H].[H]O[H].[H]O[H].[H]O[H].[Ni+2],O=C(N([H])C1=C(C(C)C)C=CC=C1C(C)C)[C@H]2[N@@+]([O-])(CCCC2)CCC[N@@+]3([O-])[C@@H](CCCC3)C(N([H])C4=C(C(C)C)C=CC=C4C(C)C)=O,CC(Cl)Cl,,CCN(CC)CC,,,10.1021/acs.orglett.0c00649,"Org. Lett. 2020, 22, 2692",1,10,50,,1.2,S,,,0.96,0.3,0.0,"O,O,O,O",Ni,,4.0,0.1,,True,36,trace,2.0,,R,1,,,48,2,,
36,CC(C#CC1=CC=CC=C1)OC(C(OC)=O)C(OC)=O,,C[C@](C#CC1=CC=CC=C1)([H])OC(C(OC)=O)C(OC)=O,OC(C(C1=CC=CC=C1)=[C@]=C([H])C)(C(OC)=O)C(OC)=O,O=Cl(=O)([O-])=O.O=Cl(=O)([O-])=O.[H]O[H].[H]O[H].[H]O[H].[H]O[H].[H]O[H].[H]O[H].[Ni+2],O=C(N([H])C1=C(C(C)C)C=C(C(C)C)C=C1C(C)C)[C@H]2[N@@+]([O-])(CCCC2)CCC[N@@+]3([O-])[C@@H](CCCC3)C(N([H])C4=C(C(C)C)C=C(C(C)C)C=C4C(C)C)=O,CC(OCC)=O,,[O-]C([O-])=O.[Cs+].[Cs+],,,10.1021/acs.orglett.0c00649,"Org. Lett. 2020, 22, 2692",1,10,50,,1.2,S,,,0.0058,0.3,0.0,"O,O,O,O",Ni,,4.0,0.1,,True,37,0.1,2.0,,R,1,,0.17,48,2,,
37,CC(C#CC1=CC=CC=C1)OC(C(OC)=O)C(OC)=O,,C[C@](C#CC1=CC=CC=C1)([H])OC(C(OC)=O)C(OC)=O,OC(C(C1=CC=CC=C1)=[C@]=C([H])C)(C(OC)=O)C(OC)=O,O=Cl(=O)([O-])=O.O=Cl(=O)([O-])=O.[H]O[H].[H]O[H].[H]O[H].[H]O[H].[H]O[H].[H]O[H].[Ni+2],O=C(N([H])C1=C(C(C)C)C=C(C(C)C)C=C1C(C)C)[C@H]2[N@@+]([O-])(CCCC2)CCC[N@@+]3([O-])[C@@H](CCCC3)C(N([H])C4=C(C(C)C)C=C(C(C)C)C=C4C(C)C)=O,CC(OCC)=O,,[O-]C([O-])=O.[K+].[K+],,,10.1021/acs.orglett.0c00649,"Org. Lett. 2020, 22, 2692",1,10,50,,1.2,S,,,0.00032,0.3,0.0,"O,O,O,O",Ni,,4.0,0.1,,True,38,0.42,2.0,,R,1,,0.11,48,2,,
38,CC(C#CC1=CC=CC=C1)OC(C(OC)=O)C(OC)=O,,C[C@](C#CC1=CC=CC=C1)([H])OC(C(OC)=O)C(OC)=O,OC(C(C1=CC=CC=C1)=[C@]=C([H])C)(C(OC)=O)C(OC)=O,O=Cl(=O)([O-])=O.O=Cl(=O)([O-])=O.[H]O[H].[H]O[H].[H]O[H].[H]O[H].[H]O[H].[H]O[H].[Ni+2],O=C(N([H])C1=C(C(C)C)C=C(C(C)C)C=C1C(C)C)[C@H]2[N@@+]([O-])(CCCC2)CCC[N@@+]3([O-])[C@@H](CCCC3)C(N([H])C4=C(C(C)C)C=C(C(C)C)C=C4C(C)C)=O,CC(OCC)=O,,O=P([O-])([O-])[O-].[H]O[H].[H]O[H].[H]O[H].[H]O[H].[H]O[H].[H]O[H].[H]O[H].[K+].[K+].[K+],,,10.1021/acs.orglett.0c00649,"Org. Lett. 2020, 22, 2692",1,10,50,,1.2,S,,,0.0068,0.3,0.0,"O,O,O,O",Ni,,4.0,0.1,,True,39,0.23,2.0,,R,1,,0.04,48,2,,
39,CC(C#CC1=CC=CC=C1)OC(C(OC)=O)C(OC)=O,,C[C@](C#CC1=CC=CC=C1)([H])OC(C(OC)=O)C(OC)=O,OC(C(C1=CC=CC=C1)=[C@]=C([H])C)(C(OC)=O)C(OC)=O,O=Cl(=O)([O-])=O.O=Cl(=O)([O-])=O.[H]O[H].[H]O[H].[H]O[H].[H]O[H].[H]O[H].[H]O[H].[Ni+2],O=C(N([H])C1=C(C(C)C)C=C(C(C)C)C=C1C(C)C)[C@H]2[N@@+]([O-])(CCCC2)CCC[N@@+]3([O-])[C@@H](CCCC3)C(N([H])C4=C(C(C)C)C=C(C(C)C)C=C4C(C)C)=O,CC(OCC)=O,,OC([O-])=O.[Na+],,,10.1021/acs.orglett.0c00649,"Org. Lett. 2020, 22, 2692",1,10,50,,1.2,S,,,0.45,0.3,0.0,"O,O,O,O",Ni,,4.0,0.1,,True,40,0.4,2.0,,R,1,,0.99,48,2,,
40,CC(C#CC1=CC=CC=C1)OC(C(OC)=O)C(OC)=O,,C[C@](C#CC1=CC=CC=C1)([H])OC(C(OC)=O)C(OC)=O,OC(C(C1=CC=CC=C1)=[C@]=C([H])C)(C(OC)=O)C(OC)=O,O=Cl(=O)([O-])=O.O=Cl(=O)([O-])=O.[H]O[H].[H]O[H].[H]O[H].[H]O[H].[H]O[H].[H]O[H].[Ni+2],O=C(N([H])C1=C(C(C)C)C=C(C(C)C)C=C1C(C)C)[C@H]2[N@@+]([O-])(CCCC2)CCC[N@@+]3([O-])[C@@H](CCCC3)C(N([H])C4=C(C(C)C)C=C(C(C)C)C=C4C(C)C)=O,CC(OCC)=O,,CN(C1=CC=NC=C1)C,,,10.1021/acs.orglett.0c00649,"Org. Lett. 2020, 22, 2692",1,10,50,,1.2,S,,,0.91,0.3,0.0,"O,O,O,O",Ni,,4.0,0.1,,True,41,,2.0,,R,1,,,48,2,,
41,CC(C#CC1=CC=CC=C1)OC(C(OC)=O)C(OC)=O,,C[C@](C#CC1=CC=CC=C1)([H])OC(C(OC)=O)C(OC)=O,OC(C(C1=CC=CC=C1)=[C@]=C([H])C)(C(OC)=O)C(OC)=O,O=Cl(=O)([O-])=O.O=Cl(=O)([O-])=O.[H]O[H].[H]O[H].[H]O[H].[H]O[H].[H]O[H].[H]O[H].[Ni+2],O=C(N([H])C1=C(C(C)C)C=C(C(C)C)C=C1C(C)C)[C@H]2[N@@+]([O-])(CCCC2)CCC[N@@+]3([O-])[C@@H](CCCC3)C(N([H])C4=C(C(C)C)C=C(C(C)C)C=C4C(C)C)=O,CC(OCC)=O,,CCN(C(C)C)C(C)C,,,10.1021/acs.orglett.0c00649,"Org. Lett. 2020, 22, 2692",1,10,50,,1.2,S,,,0.38,0.3,0.0,"O,O,O,O",Ni,,4.0,0.1,,True,42,0.44,2.0,,R,1,,0.99,48,2,,
42,CC(C#CC1=CC=CC=C1)OC(C(OC)=O)C(OC)=O,,C[C@](C#CC1=CC=CC=C1)([H])OC(C(OC)=O)C(OC)=O,OC(C(C1=CC=CC=C1)=[C@]=C([H])C)(C(OC)=O)C(OC)=O,O=Cl(=O)([O-])=O.O=Cl(=O)([O-])=O.[H]O[H].[H]O[H].[H]O[H].[H]O[H].[H]O[H].[H]O[H].[Ni+2],O=C(N([H])C1=C(C(C)C)C=C(C(C)C)C=C1C(C)C)[C@H]2[N@@+]([O-])(CCCC2)CCC[N@@+]3([O-])[C@@H](CCCC3)C(N([H])C4=C(C(C)C)C=C(C(C)C)C=C4C(C)C)=O,CC(OCC)=O,,CCCCN(CCCC)CCCC,,,10.1021/acs.orglett.0c00649,"Org. Lett. 2020, 22, 2692",1,10,50,,1.2,S,,,0.67,0.3,0.0,"O,O,O,O",Ni,,4.0,0.1,,True,43,0.37,2.0,,R,1,,0.99,48,2,,
43,CC(C#CC1=CC=CC=C1)OC(C(OC)=O)C(OC)=O,,C[C@](C#CC1=CC=CC=C1)([H])OC(C(OC)=O)C(OC)=O,OC(C(C1=CC=CC=C1)=[C@]=C([H])C)(C(OC)=O)C(OC)=O,O=Cl(=O)([O-])=O.O=Cl(=O)([O-])=O.[H]O[H].[H]O[H].[H]O[H].[H]O[H].[H]O[H].[H]O[H].[Ni+2],O=C(N([H])C1=C(C(C)C)C=C(C(C)C)C=C1C(C)C)[C@H]2[N@@+]([O-])(CCCC2)CCC[N@@+]3([O-])[C@@H](CCCC3)C(N([H])C4=C(C(C)C)C=C(C(C)C)C=C4C(C)C)=O,CC(OCC)=O,,CCN(CC)CC,,,10.1021/acs.orglett.0c00649,"Org. Lett. 2020, 22, 2692",1,10,50,,1.2,S,,,0.47,0.3,0.0,"O,O,O,O",Ni,,4.0,0.1,,True,44,0.46,2.0,,R,1,,0.98,48,2,,
44,CC(C#CC1=CC=CC=C1)OC(C(OC)=O)C(OC)=O,,C[C@](C#CC1=CC=CC=C1)([H])OC(C(OC)=O)C(OC)=O,OC(C(C1=CC=CC=C1)=[C@]=C([H])C)(C(OC)=O)C(OC)=O,O=Cl(=O)([O-])=O.O=Cl(=O)([O-])=O.[H]O[H].[H]O[H].[H]O[H].[H]O[H].[H]O[H].[H]O[H].[Ni+2],O=C(N([H])C1=C(C(C)C)C=C(C(C)C)C=C1C(C)C)[C@H]2[N@@+]([O-])(CCCC2)CCC[N@@+]3([O-])[C@@H](CCCC3)C(N([H])C4=C(C(C)C)C=C(C(C)C)C=C4C(C)C)=O,CC(OCC)=O,,CCNCC,,,10.1021/acs.orglett.0c00649,"Org. Lett. 2020, 22, 2692",1,10,50,,1.2,S,,,0.19,0.3,0.0,"O,O,O,O",Ni,,4.0,0.1,,True,45,,2.0,,R,1,,,48,2,,
45,CC(C#CC1=CC=CC=C1)OC(C(OC)=O)C(OC)=O,,C[C@](C#CC1=CC=CC=C1)([H])OC(C(OC)=O)C(OC)=O,OC(C(C1=CC=CC=C1)=[C@]=C([H])C)(C(OC)=O)C(OC)=O,O=Cl(=O)([O-])=O.O=Cl(=O)([O-])=O.[H]O[H].[H]O[H].[H]O[H].[H]O[H].[H]O[H].[H]O[H].[Ni+2],O=C(N([H])C1=C(C(C)C)C=C(C(C)C)C=C1C(C)C)[C@H]2[N@@+]([O-])(CCCC2)CCC[N@@+]3([O-])[C@@H](CCCC3)C(N([H])C4=C(C(C)C)C=C(C(C)C)C=C4C(C)C)=O,CC(OCC)=O,,CN(CCN(C)C)C,,,10.1021/acs.orglett.0c00649,"Org. Lett. 2020, 22, 2692",1,10,50,,1.2,S,,,0.8,0.3,0.0,"O,O,O,O",Ni,,4.0,0.1,,True,46,,2.0,,R,1,,,48,2,,
46,CC(C#CC1=CC=CC=C1)OC(C(OC)=O)C(OC)=O,,C[C@](C#CC1=CC=CC=C1)([H])OC(C(OC)=O)C(OC)=O,OC(C(C1=CC=CC=C1)=[C@]=C([H])C)(C(OC)=O)C(OC)=O,O=Cl(=O)([O-])=O.O=Cl(=O)([O-])=O.[H]O[H].[H]O[H].[H]O[H].[H]O[H].[H]O[H].[H]O[H].[Ni+2],O=C(N([H])C1=C(C(C)C)C=C(C(C)C)C=C1C(C)C)[C@H]2[N@@+]([O-])(CCCC2)CCC[N@@+]3([O-])[C@@H](CCCC3)C(N([H])C4=C(C(C)C)C=C(C(C)C)C=C4C(C)C)=O,CC(OCC)=O,,CCN(CC)CC,,,10.1021/acs.orglett.0c00649,"Org. Lett. 2020, 22, 2692",1,10,50,,1.2,S,,3A MS,0.46,0.3,0.0,"O,O,O,O",Ni,,4.0,0.1,20.0,True,47,0.39,2.0,,R,1,,0.98,48,2,,
47,CC(C#CC1=CC=CC=C1)OC(C(OC)=O)C(OC)=O,,C[C@](C#CC1=CC=CC=C1)([H])OC(C(OC)=O)C(OC)=O,OC(C(C1=CC=CC=C1)=[C@]=C([H])C)(C(OC)=O)C(OC)=O,O=Cl(=O)([O-])=O.O=Cl(=O)([O-])=O.[H]O[H].[H]O[H].[H]O[H].[H]O[H].[H]O[H].[H]O[H].[Ni+2],O=C(N([H])C1=C(C(C)C)C=C(C(C)C)C=C1C(C)C)[C@H]2[N@@+]([O-])(CCCC2)CCC[N@@+]3([O-])[C@@H](CCCC3)C(N([H])C4=C(C(C)C)C=C(C(C)C)C=C4C(C)C)=O,CC(OCC)=O,,CCN(CC)CC,,,10.1021/acs.orglett.0c00649,"Org. Lett. 2020, 22, 2692",1,10,50,,1.2,S,,4A MS,0.36,0.3,0.0,"O,O,O,O",Ni,,4.0,0.1,20.0,True,48,0.48,2.0,,R,1,0.98,0.96,48,2,,
48,CC(C#CC1=CC=CC=C1)OC(C(OC)=O)C(OC)=O,,C[C@](C#CC1=CC=CC=C1)([H])OC(C(OC)=O)C(OC)=O,OC(C(C1=CC=CC=C1)=[C@]=C([H])C)(C(OC)=O)C(OC)=O,O=Cl(=O)([O-])=O.O=Cl(=O)([O-])=O.[H]O[H].[H]O[H].[H]O[H].[H]O[H].[H]O[H].[H]O[H].[Ni+2],O=C(N([H])C1=C(C(C)C)C=C(C(C)C)C=C1C(C)C)[C@H]2[N@@+]([O-])(CCCC2)CCC[N@@+]3([O-])[C@@H](CCCC3)C(N([H])C4=C(C(C)C)C=C(C(C)C)C=C4C(C)C)=O,CC(OCC)=O,,CCN(CC)CC,,,10.1021/acs.orglett.0c00649,"Org. Lett. 2020, 22, 2692",1,10,50,,1.2,S,,5A MS,0.34,0.3,0.0,"O,O,O,O",Ni,,4.0,0.1,20.0,True,49,0.44,2.0,,R,1,0.97,0.98,48,2,,
49,CC(C#CC1=CC=CC=C1)OC(C(OC)=O)C(OC)=O,,C[C@](C#CC1=CC=CC=C1)([H])OC(C(OC)=O)C(OC)=O,OC(C(C1=CC=CC=C1)=[C@]=C([H])C)(C(OC)=O)C(OC)=O,O=Cl(=O)([O-])=O.O=Cl(=O)([O-])=O.[H]O[H].[H]O[H].[H]O[H].[H]O[H].[H]O[H].[H]O[H].[Ni+2],O=C(N([H])C1=C(C(C)C)C=C(C(C)C)C=C1C(C)C)[C@H]2[N@@+]([O-])(CCCC2)CCC[N@@+]3([O-])[C@@H](CCCC3)C(N([H])C4=C(C(C)C)C=C(C(C)C)C=C4C(C)C)=O,CC(OCC)=O,,CCN(CC)CC,FC(C1=CC(C(F)(F)F)=CC([B-](C2=CC(C(F)(F)F)=CC(C(F)(F)F)=C2)(C3=CC(C(F)(F)F)=CC(C(F)(F)F)=C3)C4=CC(C(F)(F)F)=CC(C(F)(F)F)=C4)=C1)(F)F.[Na+],,10.1021/acs.orglett.0c00649,"Org. Lett. 2020, 22, 2692",1,10,50,,1.2,S,0.01,,0.37,0.3,0.0,"O,O,O,O",Ni,,4.0,0.1,,True,50,0.46,2.0,,R,1,0.85,0.88,48,2,,
50,CC(C#CC1=CC=CC=C1)OC(C(OC)=O)C(OC)=O,,C[C@](C#CC1=CC=CC=C1)([H])OC(C(OC)=O)C(OC)=O,OC(C(C1=CC=CC=C1)=[C@]=C([H])C)(C(OC)=O)C(OC)=O,O=Cl(=O)([O-])=O.O=Cl(=O)([O-])=O.[H]O[H].[H]O[H].[H]O[H].[H]O[H].[H]O[H].[H]O[H].[Ni+2],O=C(N([H])C1=C(C(C)C)C=C(C(C)C)C=C1C(C)C)[C@H]2[N@@+]([O-])(CCCC2)CCC[N@@+]3([O-])[C@@H](CCCC3)C(N([H])C4=C(C(C)C)C=C(C(C)C)C=C4C(C)C)=O,CC(OCC)=O,,CCN(CC)CC,O=S([N-]S(C(F)(F)F)(=O)=O)(C(F)(F)F)=O.[Li+],,10.1021/acs.orglett.0c00649,"Org. Lett. 2020, 22, 2692",1,10,50,,1.2,S,0.01,,0.2,0.3,0.0,"O,O,O,O",Ni,,4.0,0.1,,True,51,0.47,2.0,,R,1,0.97,0.6,48,2,,
51,CC(C#CC1=CC=CC=C1)OC(C(OC)=O)C(OC)=O,,C[C@](C#CC1=CC=CC=C1)([H])OC(C(OC)=O)C(OC)=O,OC(C(C1=CC=CC=C1)=[C@]=C([H])C)(C(OC)=O)C(OC)=O,O=Cl(=O)([O-])=O.O=Cl(=O)([O-])=O.[H]O[H].[H]O[H].[H]O[H].[H]O[H].[H]O[H].[H]O[H].[Ni+2],O=C(N([H])C1=C(C(C)C)C=C(C(C)C)C=C1C(C)C)[C@H]2[N@@+]([O-])(CCCC2)CCC[N@@+]3([O-])[C@@H](CCCC3)C(N([H])C4=C(C(C)C)C=C(C(C)C)C=C4C(C)C)=O,CC(OCC)=O,,CCN(CC)CC,O,,10.1021/acs.orglett.0c00649,"Org. Lett. 2020, 22, 2692",1,10,50,,1.2,S,3.0,,0.44,0.3,0.0,"O,O,O,O",Ni,,4.0,0.1,,True,52,0.44,2.0,,R,1,,0.99,48,2,,
52,CC(C#CC1=CC=CC=C1)OC(C(OC)=O)C(OC)=O,,C[C@](C#CC1=CC=CC=C1)([H])OC(C(OC)=O)C(OC)=O,OC(C(C1=CC=CC=C1)=[C@]=C([H])C)(C(OC)=O)C(OC)=O,OC[C@@H](/N=C1C(N(C2CCCCC2)C3CCCCC3)=C/1N(C4CCCCC4)C5CCCCC5)CC6=CC=CC=C6,,CC(OCC)=O,,,,,10.1021/acs.orglett.0c00649,"Org. Lett. 2020, 22, 2692",1,10,50,,,S,,,0.93,0.3,,,,,,0.1,,False,53,NR,,,R,1,0.0,,48,2,,
53,CC(C#CC1=CC=CC=C1)OC(C(OC)=O)C(OC)=O,,C[C@](C#CC1=CC=CC=C1)([H])OC(C(OC)=O)C(OC)=O,OC(C(C1=CC=CC=C1)=[C@]=C([H])C)(C(OC)=O)C(OC)=O,O=C(N([H])C(C1=CC=CC=C1)C2=CC=CC=C2)[C@H]3N(/C(N([H])C4CCCCC4)=N/C5CCCCC5)CCCC3,,CC(OCC)=O,,,,,10.1021/acs.orglett.0c00649,"Org. Lett. 2020, 22, 2692",1,10,50,,,S,,,0.73,0.3,,,,,,0.1,,False,54,NR,,,R,1,0.0,,48,2,,
54,CC(C#CC1=CC=CC=C1)OC(C(OC)=O)C(OC)=O,,C[C@](C#CC1=CC=CC=C1)([H])OC(C(OC)=O)C(OC)=O,OC(C(C1=CC=CC=C1)=[C@]=C([H])C)(C(OC)=O)C(OC)=O,O=S(C(F)(F)F)([O-])=O.O=S(C(F)(F)F)([O-])=O.[Ni+2],C1(C(O2)=N[C@@H]3[C@H]2CC4=C3C=CC=C4)=CC=CC(C(O5)=N[C@@H]6[C@H]5CC7=C6C=CC=C7)=N1,CC(OCC)=O,,CCN(CC)CC,,,10.1021/acs.orglett.0c00649,"Org. Lett. 2020, 22, 2692",1,10,50,,1.2,S,,,0.89,0.3,0.0,"N,N,N",Ni,,3.0,0.1,,True,55,NR,2.0,,R,1,0.0,,48,2,,
55,CC(C#CC1=CC=CC=C1)OC(C(OC)=O)C(OC)=O,,C[C@](C#CC1=CC=CC=C1)([H])OC(C(OC)=O)C(OC)=O,OC(C(C1=CC=CC=C1)=[C@]=C([H])C)(C(OC)=O)C(OC)=O,O=S(C(F)(F)F)([O-])=O.O=S(C(F)(F)F)([O-])=O.[Ni+2],C1(C2=N[C@@H](C3=CC=CC=C3)CO2)=CC=CC(C4=N[C@@H](C5=CC=CC=C5)CO4)=N1,CC(OCC)=O,,CCN(CC)CC,,,10.1021/acs.orglett.0c00649,"Org. Lett. 2020, 22, 2692",1,10,50,,1.2,S,,,0.89,0.3,0.0,"N,N,N",Ni,,3.0,0.1,,True,56,NR,2.0,,R,1,0.0,,48,2,,
56,CC(C#CC1=CC=CC=C1)OC(C(OC)=O)C(OC)=O,,C[C@](C#CC1=CC=CC=C1)([H])OC(C(OC)=O)C(OC)=O,OC(C(C1=CC=CC=C1)=[C@]=C([H])C)(C(OC)=O)C(OC)=O,O=S(C(F)(F)F)([O-])=O.O=S(C(F)(F)F)([O-])=O.[Ni+2],CC(C1=N[C@@H](C2=CC=CC=C2)CO1)(C3=N[C@@H](C4=CC=CC=C4)CO3)C,CC(OCC)=O,,CCN(CC)CC,,,10.1021/acs.orglett.0c00649,"Org. Lett. 2020, 22, 2692",1,10,50,,1.2,S,,,0.83,0.3,0.0,"N,N",Ni,,2.0,0.1,,True,57,NR,2.0,,R,1,0.0,,48,2,,
57,O=C(OCC)C(C(OCC)=O)OC(C)C#CC1=CC=CC=C1,,C[C@](C#CC1=CC=CC=C1)([H])OC(C(OC)=O)C(OC)=O,CC([H])=[C@@]=C(C(C(OCC)=O)(O)C(OCC)=O)C1=CC=CC=C1,O=Cl(=O)([O-])=O.O=Cl(=O)([O-])=O.[H]O[H].[H]O[H].[H]O[H].[H]O[H].[H]O[H].[H]O[H].[Ni+2],O=C(N([H])C1=C(C(C)C)C=C(C(C)C)C=C1C(C)C)[C@H]2[N@@+]([O-])(CCCC2)CCC[N@@+]3([O-])[C@@H](CCCC3)C(N([H])C4=C(C(C)C)C=C(C(C)C)C=C4C(C)C)=O,CC(OCC)=O,,CCN(CC)CC,,,10.1021/acs.orglett.0c00649,"Org. Lett. 2020, 22, 2692",1,10,50,,1.2,S,,,,0.3,0.0,"O,O,O,O",Ni,,4.0,0.1,,True,58,0.39,2.0,,R,1,,0.99,30,2,,
58,O=C(OC(C)(C)C)C(C(OC(C)(C)C)=O)OC(C)C#CC1=CC=CC=C1,,C[C@](C#CC1=CC=CC=C1)([H])OC(C(OC)=O)C(OC)=O,CC([H])=[C@@]=C(C(C(OC(C)(C)C)=O)(O)C(OC(C)(C)C)=O)C1=CC=CC=C1,O=Cl(=O)([O-])=O.O=Cl(=O)([O-])=O.[H]O[H].[H]O[H].[H]O[H].[H]O[H].[H]O[H].[H]O[H].[Ni+2],O=C(N([H])C1=C(C(C)C)C=C(C(C)C)C=C1C(C)C)[C@H]2[N@@+]([O-])(CCCC2)CCC[N@@+]3([O-])[C@@H](CCCC3)C(N([H])C4=C(C(C)C)C=C(C(C)C)C=C4C(C)C)=O,CC(OCC)=O,,CCN(CC)CC,,,10.1021/acs.orglett.0c00649,"Org. Lett. 2020, 22, 2692",1,10,50,,1.2,S,,,,0.3,0.0,"O,O,O,O",Ni,,4.0,0.1,,True,59,0.22,2.0,,R,1,,0.99,96,2,,
59,O=C(OC)C(C(OC)=O)OC(C)C#CC1=CC=C(Cl)C=C1,,C[C@](C#CC1=CC=CC=C1)([H])OC(C(OC)=O)C(OC)=O,CC([H])=[C@@]=C(C(C(OC)=O)(O)C(OC)=O)C1=CC=C(Cl)C=C1,O=Cl(=O)([O-])=O.O=Cl(=O)([O-])=O.[H]O[H].[H]O[H].[H]O[H].[H]O[H].[H]O[H].[H]O[H].[Ni+2],O=C(N([H])C1=C(C(C)C)C=C(C(C)C)C=C1C(C)C)[C@H]2[N@@+]([O-])(CCCC2)CCC[N@@+]3([O-])[C@@H](CCCC3)C(N([H])C4=C(C(C)C)C=C(C(C)C)C=C4C(C)C)=O,CC(OCC)=O,,CCN(CC)CC,,,10.1021/acs.orglett.0c00649,"Org. Lett. 2020, 22, 2692",1,10,50,,1.2,S,,,,0.3,0.0,"O,O,O,O",Ni,,4.0,0.1,,True,60,0.47,2.0,,R,1,,0.95,72,2,,
60,O=C(OC)C(C(OC)=O)OC(C)C#CC1=CC=CC=C1C,,C[C@](C#CC1=CC=CC=C1)([H])OC(C(OC)=O)C(OC)=O,CC1=C(C(C(C(OC)=O)(C(OC)=O)O)=[C@@]=C([H])C)C=CC=C1,O=Cl(=O)([O-])=O.O=Cl(=O)([O-])=O.[H]O[H].[H]O[H].[H]O[H].[H]O[H].[H]O[H].[H]O[H].[Ni+2],O=C(N([H])C1=C(C(C)C)C=C(C(C)C)C=C1C(C)C)[C@H]2[N@@+]([O-])(CCCC2)CCC[N@@+]3([O-])[C@@H](CCCC3)C(N([H])C4=C(C(C)C)C=C(C(C)C)C=C4C(C)C)=O,CC(OCC)=O,,CCN(CC)CC,,,10.1021/acs.orglett.0c00649,"Org. Lett. 2020, 22, 2692",1,10,50,,1.2,S,,,,0.3,0.0,"O,O,O,O",Ni,,4.0,0.1,,True,61,0.44,2.0,,R,1,,0.99,166,2,,
61,O=C(OC)C(C(OC)=O)OC(C)C#CC1=CC=CC(C)=C1,,C[C@](C#CC1=CC=CC=C1)([H])OC(C(OC)=O)C(OC)=O,COC(C(C(OC)=O)(C(C1=CC=CC(C)=C1)=[C@]=C([H])C)O)=O,O=Cl(=O)([O-])=O.O=Cl(=O)([O-])=O.[H]O[H].[H]O[H].[H]O[H].[H]O[H].[H]O[H].[H]O[H].[Ni+2],O=C(N([H])C1=C(C(C)C)C=C(C(C)C)C=C1C(C)C)[C@H]2[N@@+]([O-])(CCCC2)CCC[N@@+]3([O-])[C@@H](CCCC3)C(N([H])C4=C(C(C)C)C=C(C(C)C)C=C4C(C)C)=O,CC(OCC)=O,,CCN(CC)CC,,,10.1021/acs.orglett.0c00649,"Org. Lett. 2020, 22, 2692",1,10,50,,1.2,S,,,,0.3,0.0,"O,O,O,O",Ni,,4.0,0.1,,True,62,0.43,2.0,,R,1,,0.98,166,2,,
62,O=C(OC)C(C(OC)=O)OC(C)C#CC1=CC=C(C)C=C1,,C[C@](C#CC1=CC=CC=C1)([H])OC(C(OC)=O)C(OC)=O,COC(C(C(OC)=O)(C(C1=CC=C(C)C=C1)=[C@]=C([H])C)O)=O,O=Cl(=O)([O-])=O.O=Cl(=O)([O-])=O.[H]O[H].[H]O[H].[H]O[H].[H]O[H].[H]O[H].[H]O[H].[Ni+2],O=C(N([H])C1=C(C(C)C)C=C(C(C)C)C=C1C(C)C)[C@H]2[N@@+]([O-])(CCCC2)CCC[N@@+]3([O-])[C@@H](CCCC3)C(N([H])C4=C(C(C)C)C=C(C(C)C)C=C4C(C)C)=O,CC(OCC)=O,,CCN(CC)CC,,,10.1021/acs.orglett.0c00649,"Org. Lett. 2020, 22, 2692",1,10,50,,1.2,S,,,,0.3,0.0,"O,O,O,O",Ni,,4.0,0.1,,True,63,0.45,2.0,,R,1,,0.97,166,2,,
63,O=C(OC)C(C(OC)=O)OC(C)C#CC1=CC=C(OC)C=C1,,C[C@](C#CC1=CC=CC=C1)([H])OC(C(OC)=O)C(OC)=O,COC(C(C(OC)=O)(C(C1=CC=C(OC)C=C1)=[C@]=C([H])C)O)=O,O=Cl(=O)([O-])=O.O=Cl(=O)([O-])=O.[H]O[H].[H]O[H].[H]O[H].[H]O[H].[H]O[H].[H]O[H].[Ni+2],O=C(N([H])C1=C(C(C)C)C=C(C(C)C)C=C1C(C)C)[C@H]2[N@@+]([O-])(CCCC2)CCC[N@@+]3([O-])[C@@H](CCCC3)C(N([H])C4=C(C(C)C)C=C(C(C)C)C=C4C(C)C)=O,CC(OCC)=O,,CCN(CC)CC,,,10.1021/acs.orglett.0c00649,"Org. Lett. 2020, 22, 2692",1,10,50,,1.2,S,,,,0.3,0.0,"O,O,O,O",Ni,,4.0,0.1,,True,64,0.42,2.0,,R,1,,0.98,30,2,,
64,O=C(OC)C(C(OC)=O)OC(C)C#CC1=CC=C(C(OC)=O)C=C1,,C[C@](C#CC1=CC=CC=C1)([H])OC(C(OC)=O)C(OC)=O,COC(C(C(OC)=O)(C(C1=CC=C(C(OC)=O)C=C1)=[C@]=C([H])C)O)=O,O=Cl(=O)([O-])=O.O=Cl(=O)([O-])=O.[H]O[H].[H]O[H].[H]O[H].[H]O[H].[H]O[H].[H]O[H].[Ni+2],O=C(N([H])C1=C(C(C)C)C=C(C(C)C)C=C1C(C)C)[C@H]2[N@@+]([O-])(CCCC2)CCC[N@@+]3([O-])[C@@H](CCCC3)C(N([H])C4=C(C(C)C)C=C(C(C)C)C=C4C(C)C)=O,CC(OCC)=O,,CCN(CC)CC,,,10.1021/acs.orglett.0c00649,"Org. Lett. 2020, 22, 2692",1,10,50,,1.2,S,,,,0.3,0.0,"O,O,O,O",Ni,,4.0,0.1,,True,65,0.42,2.0,,R,1,,0.94,96,2,,
65,O=C(OC)C(C(OC)=O)OC(C)C#CC1=CC=C(C(F)(F)F)C=C1,,C[C@](C#CC1=CC=CC=C1)([H])OC(C(OC)=O)C(OC)=O,COC(C(C(OC)=O)(C(C1=CC=C(C(F)(F)F)C=C1)=[C@]=C([H])C)O)=O,O=Cl(=O)([O-])=O.O=Cl(=O)([O-])=O.[H]O[H].[H]O[H].[H]O[H].[H]O[H].[H]O[H].[H]O[H].[Ni+2],O=C(N([H])C1=C(C(C)C)C=C(C(C)C)C=C1C(C)C)[C@H]2[N@@+]([O-])(CCCC2)CCC[N@@+]3([O-])[C@@H](CCCC3)C(N([H])C4=C(C(C)C)C=C(C(C)C)C=C4C(C)C)=O,CC(OCC)=O,,CCN(CC)CC,,,10.1021/acs.orglett.0c00649,"Org. Lett. 2020, 22, 2692",1,10,50,,1.2,S,,,,0.3,0.0,"O,O,O,O",Ni,,4.0,0.1,,True,66,0.44,2.0,,R,1,,0.91,136,2,,
66,O=C(OC)C(C(OC)=O)OC(C)C#CC1=CC=CC2=C1C=CC=C2,,C[C@](C#CC1=CC=CC=C1)([H])OC(C(OC)=O)C(OC)=O,COC(C(C(OC)=O)(C(C1=C(C=CC=C2)C2=CC=C1)=[C@]=C([H])C)O)=O,O=Cl(=O)([O-])=O.O=Cl(=O)([O-])=O.[H]O[H].[H]O[H].[H]O[H].[H]O[H].[H]O[H].[H]O[H].[Ni+2],O=C(N([H])C1=C(C(C)C)C=C(C(C)C)C=C1C(C)C)[C@H]2[N@@+]([O-])(CCCC2)CCC[N@@+]3([O-])[C@@H](CCCC3)C(N([H])C4=C(C(C)C)C=C(C(C)C)C=C4C(C)C)=O,CC(OCC)=O,,CCN(CC)CC,,,10.1021/acs.orglett.0c00649,"Org. Lett. 2020, 22, 2692",1,10,50,,1.2,S,,,,0.3,0.0,"O,O,O,O",Ni,,4.0,0.1,,True,67,0.38,2.0,,R,1,,0.9,136,2,,
67,O=C(OC)C(C(OC)=O)OC(C)C#CC1=CC=CS1,,C[C@](C#CC1=CC=CC=C1)([H])OC(C(OC)=O)C(OC)=O,COC(C(C(OC)=O)(C(C1=CC=CS1)=[C@]=C([H])C(C)C)O)=O,O=Cl(=O)([O-])=O.O=Cl(=O)([O-])=O.[H]O[H].[H]O[H].[H]O[H].[H]O[H].[H]O[H].[H]O[H].[Ni+2],O=C(N([H])C1=C(C(C)C)C=C(C(C)C)C=C1C(C)C)[C@H]2[N@@+]([O-])(CCCC2)CCC[N@@+]3([O-])[C@@H](CCCC3)C(N([H])C4=C(C(C)C)C=C(C(C)C)C=C4C(C)C)=O,CC(OCC)=O,,CCN(CC)CC,,,10.1021/acs.orglett.0c00649,"Org. Lett. 2020, 22, 2692",1,10,50,,1.2,S,,,,0.3,0.0,"O,O,O,O",Ni,,4.0,0.1,,True,68,0.49,2.0,,S,1,,0.95,64,2,,
68,O=C(OC)C(C(OC)=O)OC(C(C)C)C#CC1=CC=CC=C1,,C[C@](C#CC1=CC=CC=C1)([H])OC(C(OC)=O)C(OC)=O,COC(C(C(OC)=O)(C(C1=CC=CC=C1)=[C@]=C([H])C(C)C)O)=O,O=Cl(=O)([O-])=O.O=Cl(=O)([O-])=O.[H]O[H].[H]O[H].[H]O[H].[H]O[H].[H]O[H].[H]O[H].[Ni+2],O=C(N([H])C1=C(C(C)C)C=C(C(C)C)C=C1C(C)C)[C@H]2[N@@+]([O-])(CCCC2)CCC[N@@+]3([O-])[C@@H](CCCC3)C(N([H])C4=C(C(C)C)C=C(C(C)C)C=C4C(C)C)=O,CC(OCC)=O,,CCN(CC)CC,,,10.1021/acs.orglett.0c00649,"Org. Lett. 2020, 22, 2692",1,10,50,,1.2,S,,,,0.3,0.0,"O,O,O,O",Ni,,4.0,0.1,,True,69,0.35,2.0,,R,1,,0.97,184,2,,
69,O=C(OC)C(C(OC)=O)OC(CCCC)C#CC1=CC=CC=C1,,C[C@](C#CC1=CC=CC=C1)([H])OC(C(OC)=O)C(OC)=O,COC(C(C(OC)=O)(C(C1=CC=CC=C1)=[C@]=C([H])CCCC)O)=O,O=Cl(=O)([O-])=O.O=Cl(=O)([O-])=O.[H]O[H].[H]O[H].[H]O[H].[H]O[H].[H]O[H].[H]O[H].[Ni+2],O=C(N([H])C1=C(C(C)C)C=C(C(C)C)C=C1C(C)C)[C@H]2[N@@+]([O-])(CCCC2)CCC[N@@+]3([O-])[C@@H](CCCC3)C(N([H])C4=C(C(C)C)C=C(C(C)C)C=C4C(C)C)=O,CC(OCC)=O,,CCN(CC)CC,,,10.1021/acs.orglett.0c00649,"Org. Lett. 2020, 22, 2692",1,10,50,,1.2,S,,,,0.3,0.0,"O,O,O,O",Ni,,4.0,0.1,,True,70,0.48,2.0,,R,1,,0.98,96,2,,
70,O=C(OC)C(C(OC)=O)OC(CC1=CC=CC=C1)C#CC2=CC=CC=C2,,C[C@](C#CC1=CC=CC=C1)([H])OC(C(OC)=O)C(OC)=O,COC(C(C(OC)=O)(C(C1=CC=CC=C1)=[C@]=C([H])CC2=CC=CC=C2)O)=O,O=Cl(=O)([O-])=O.O=Cl(=O)([O-])=O.[H]O[H].[H]O[H].[H]O[H].[H]O[H].[H]O[H].[H]O[H].[Ni+2],O=C(N([H])C1=C(C(C)C)C=C(C(C)C)C=C1C(C)C)[C@H]2[N@@+]([O-])(CCCC2)CCC[N@@+]3([O-])[C@@H](CCCC3)C(N([H])C4=C(C(C)C)C=C(C(C)C)C=C4C(C)C)=O,CC(OCC)=O,,CCN(CC)CC,,,10.1021/acs.orglett.0c00649,"Org. Lett. 2020, 22, 2692",1,10,50,,1.2,S,,,,0.3,0.0,"O,O,O,O",Ni,,4.0,0.1,,True,71,0.47,2.0,,R,1,,0.96,138,2,,
